ProductID,Name,ProductNumber,MakeFlag,FinishedGoodsFlag,Color,SafetyStockLevel,ReorderPoint,StandardCost,ListPrice,Size,SizeUnitMeasureCode,WeightUnitMeasureCode,Weight,DaysToManufacture,ProductLine,Class,Style,ProductSubcategoryID,ProductModelID,SellStartDate,SellEndDate,DiscontinuedDate,ModifiedDate
1,Adjustable Race,AR-5381,0,0,NULL,1000,750,0,0,NULL,NULL,NULL,NULL,0,NULL,NULL,NULL,NULL,NULL,00:00.0,NULL,NULL,01:36.8
2,Bearing Ball,BA-8327,0,0,NULL,1000,750,0,0,NULL,NULL,NULL,NULL,0,NULL,NULL,NULL,NULL,NULL,00:00.0,NULL,NULL,01:36.8
3,BB Ball Bearing,BE-2349,1,0,NULL,800,600,0,0,NULL,NULL,NULL,NULL,1,NULL,NULL,NULL,NULL,NULL,00:00.0,NULL,NULL,01:36.8
4,Headset Ball Bearings,BE-2908,0,0,NULL,800,600,0,0,NULL,NULL,NULL,NULL,0,NULL,NULL,NULL,NULL,NULL,00:00.0,NULL,NULL,01:36.8
316,Blade,BL-2036,1,0,NULL,800,600,0,0,NULL,NULL,NULL,NULL,1,NULL,NULL,NULL,NULL,NULL,00:00.0,NULL,NULL,01:36.8
317,LL Crankarm,CA-5965,0,0,Black,500,375,0,0,NULL,NULL,NULL,NULL,0,NULL,L ,NULL,NULL,NULL,00:00.0,NULL,NULL,01:36.8
318,ML Crankarm,CA-6738,0,0,Black,500,375,0,0,NULL,NULL,NULL,NULL,0,NULL,M ,NULL,NULL,NULL,00:00.0,NULL,NULL,01:36.8
319,HL Crankarm,CA-7457,0,0,Black,500,375,0,0,NULL,NULL,NULL,NULL,0,NULL,NULL,NULL,NULL,NULL,00:00.0,NULL,NULL,01:36.8
320,Chainring Bolts,CB-2903,0,0,Silver,1000,750,0,0,NULL,NULL,NULL,NULL,0,NULL,NULL,NULL,NULL,NULL,00:00.0,NULL,NULL,01:36.8
321,Chainring Nut,CN-6137,0,0,Silver,1000,750,0,0,NULL,NULL,NULL,NULL,0,NULL,NULL,NULL,NULL,NULL,00:00.0,NULL,NULL,01:36.8
322,Chainring,CR-7833,0,0,Black,1000,750,0,0,NULL,NULL,NULL,NULL,0,NULL,NULL,NULL,NULL,NULL,00:00.0,NULL,NULL,01:36.8
323,Crown Race,CR-9981,0,0,NULL,1000,750,0,0,NULL,NULL,NULL,NULL,0,NULL,NULL,NULL,NULL,NULL,00:00.0,NULL,NULL,01:36.8
324,Chain Stays,CS-2812,1,0,NULL,1000,750,0,0,NULL,NULL,NULL,NULL,1,NULL,NULL,NULL,NULL,NULL,00:00.0,NULL,NULL,01:36.8
325,Decal 1,DC-8732,0,0,NULL,1000,750,0,0,NULL,NULL,NULL,NULL,0,NULL,NULL,NULL,NULL,NULL,00:00.0,NULL,NULL,01:36.8
326,Decal 2,DC-9824,0,0,NULL,1000,750,0,0,NULL,NULL,NULL,NULL,0,NULL,NULL,NULL,NULL,NULL,00:00.0,NULL,NULL,01:36.8
327,Down Tube,DT-2377,1,0,NULL,800,600,0,0,NULL,NULL,NULL,NULL,1,NULL,NULL,NULL,NULL,NULL,00:00.0,NULL,NULL,01:36.8
328,Mountain End Caps,EC-M092,1,0,NULL,1000,750,0,0,NULL,NULL,NULL,NULL,1,NULL,NULL,NULL,NULL,NULL,00:00.0,NULL,NULL,01:36.8
329,Road End Caps,EC-R098,1,0,NULL,1000,750,0,0,NULL,NULL,NULL,NULL,1,NULL,NULL,NULL,NULL,NULL,00:00.0,NULL,NULL,01:36.8
330,Touring End Caps,EC-T209,1,0,NULL,1000,750,0,0,NULL,NULL,NULL,NULL,1,NULL,NULL,NULL,NULL,NULL,00:00.0,NULL,NULL,01:36.8
331,Fork End,FE-3760,1,0,NULL,800,600,0,0,NULL,NULL,NULL,NULL,1,NULL,NULL,NULL,NULL,NULL,00:00.0,NULL,NULL,01:36.8
332,Freewheel,FH-2981,0,0,Silver,500,375,0,0,NULL,NULL,NULL,NULL,0,NULL,NULL,NULL,NULL,NULL,00:00.0,NULL,NULL,01:36.8
341,Flat Washer 1,FW-1000,0,0,NULL,1000,750,0,0,NULL,NULL,NULL,NULL,0,NULL,NULL,NULL,NULL,NULL,00:00.0,NULL,NULL,01:36.8
342,Flat Washer 6,FW-1200,0,0,NULL,1000,750,0,0,NULL,NULL,NULL,NULL,0,NULL,NULL,NULL,NULL,NULL,00:00.0,NULL,NULL,01:36.8
343,Flat Washer 2,FW-1400,0,0,NULL,1000,750,0,0,NULL,NULL,NULL,NULL,0,NULL,NULL,NULL,NULL,NULL,00:00.0,NULL,NULL,01:36.8
344,Flat Washer 9,FW-3400,0,0,NULL,1000,750,0,0,NULL,NULL,NULL,NULL,0,NULL,NULL,NULL,NULL,NULL,00:00.0,NULL,NULL,01:36.8
345,Flat Washer 4,FW-3800,0,0,NULL,1000,750,0,0,NULL,NULL,NULL,NULL,0,NULL,NULL,NULL,NULL,NULL,00:00.0,NULL,NULL,01:36.8
346,Flat Washer 3,FW-5160,0,0,NULL,1000,750,0,0,NULL,NULL,NULL,NULL,0,NULL,NULL,NULL,NULL,NULL,00:00.0,NULL,NULL,01:36.8
347,Flat Washer 8,FW-5800,0,0,NULL,1000,750,0,0,NULL,NULL,NULL,NULL,0,NULL,NULL,NULL,NULL,NULL,00:00.0,NULL,NULL,01:36.8
348,Flat Washer 5,FW-7160,0,0,NULL,1000,750,0,0,NULL,NULL,NULL,NULL,0,NULL,NULL,NULL,NULL,NULL,00:00.0,NULL,NULL,01:36.8
349,Flat Washer 7,FW-9160,0,0,NULL,1000,750,0,0,NULL,NULL,NULL,NULL,0,NULL,NULL,NULL,NULL,NULL,00:00.0,NULL,NULL,01:36.8
350,Fork Crown,FC-3654,1,0,NULL,800,600,0,0,NULL,NULL,NULL,NULL,1,NULL,NULL,NULL,NULL,NULL,00:00.0,NULL,NULL,01:36.8
351,Front Derailleur Cage,FC-3982,0,0,Silver,800,600,0,0,NULL,NULL,NULL,NULL,0,NULL,NULL,NULL,NULL,NULL,00:00.0,NULL,NULL,01:36.8
352,Front Derailleur Linkage,FL-2301,0,0,Silver,800,600,0,0,NULL,NULL,NULL,NULL,0,NULL,NULL,NULL,NULL,NULL,00:00.0,NULL,NULL,01:36.8
355,Guide Pulley,GP-0982,0,0,NULL,800,600,0,0,NULL,NULL,NULL,NULL,0,NULL,NULL,NULL,NULL,NULL,00:00.0,NULL,NULL,01:36.8
356,LL Grip Tape,GT-0820,0,0,NULL,800,600,0,0,NULL,NULL,NULL,NULL,0,NULL,L ,NULL,NULL,NULL,00:00.0,NULL,NULL,01:36.8
357,ML Grip Tape,GT-1209,0,0,NULL,800,600,0,0,NULL,NULL,NULL,NULL,0,NULL,M ,NULL,NULL,NULL,00:00.0,NULL,NULL,01:36.8
358,HL Grip Tape,GT-2908,0,0,NULL,800,600,0,0,NULL,NULL,NULL,NULL,0,NULL,NULL,NULL,NULL,NULL,00:00.0,NULL,NULL,01:36.8
359,Thin-Jam Hex Nut 9,HJ-1213,0,0,NULL,1000,750,0,0,NULL,NULL,NULL,NULL,0,NULL,NULL,NULL,NULL,NULL,00:00.0,NULL,NULL,01:36.8
360,Thin-Jam Hex Nut 10,HJ-1220,0,0,NULL,1000,750,0,0,NULL,NULL,NULL,NULL,0,NULL,NULL,NULL,NULL,NULL,00:00.0,NULL,NULL,01:36.8
361,Thin-Jam Hex Nut 1,HJ-1420,0,0,NULL,1000,750,0,0,NULL,NULL,NULL,NULL,0,NULL,NULL,NULL,NULL,NULL,00:00.0,NULL,NULL,01:36.8
362,Thin-Jam Hex Nut 2,HJ-1428,0,0,NULL,1000,750,0,0,NULL,NULL,NULL,NULL,0,NULL,NULL,NULL,NULL,NULL,00:00.0,NULL,NULL,01:36.8
363,Thin-Jam Hex Nut 15,HJ-3410,0,0,NULL,1000,750,0,0,NULL,NULL,NULL,NULL,0,NULL,NULL,NULL,NULL,NULL,00:00.0,NULL,NULL,01:36.8
364,Thin-Jam Hex Nut 16,HJ-3416,0,0,NULL,1000,750,0,0,NULL,NULL,NULL,NULL,0,NULL,NULL,NULL,NULL,NULL,00:00.0,NULL,NULL,01:36.8
365,Thin-Jam Hex Nut 5,HJ-3816,0,0,NULL,1000,750,0,0,NULL,NULL,NULL,NULL,0,NULL,NULL,NULL,NULL,NULL,00:00.0,NULL,NULL,01:36.8
366,Thin-Jam Hex Nut 6,HJ-3824,0,0,NULL,1000,750,0,0,NULL,NULL,NULL,NULL,0,NULL,NULL,NULL,NULL,NULL,00:00.0,NULL,NULL,01:36.8
367,Thin-Jam Hex Nut 3,HJ-5161,0,0,NULL,1000,750,0,0,NULL,NULL,NULL,NULL,0,NULL,NULL,NULL,NULL,NULL,00:00.0,NULL,NULL,01:36.8
368,Thin-Jam Hex Nut 4,HJ-5162,0,0,NULL,1000,750,0,0,NULL,NULL,NULL,NULL,0,NULL,NULL,NULL,NULL,NULL,00:00.0,NULL,NULL,01:36.8
369,Thin-Jam Hex Nut 13,HJ-5811,0,0,NULL,1000,750,0,0,NULL,NULL,NULL,NULL,0,NULL,NULL,NULL,NULL,NULL,00:00.0,NULL,NULL,01:36.8
370,Thin-Jam Hex Nut 14,HJ-5818,0,0,NULL,1000,750,0,0,NULL,NULL,NULL,NULL,0,NULL,NULL,NULL,NULL,NULL,00:00.0,NULL,NULL,01:36.8
371,Thin-Jam Hex Nut 7,HJ-7161,0,0,NULL,1000,750,0,0,NULL,NULL,NULL,NULL,0,NULL,NULL,NULL,NULL,NULL,00:00.0,NULL,NULL,01:36.8
372,Thin-Jam Hex Nut 8,HJ-7162,0,0,NULL,1000,750,0,0,NULL,NULL,NULL,NULL,0,NULL,NULL,NULL,NULL,NULL,00:00.0,NULL,NULL,01:36.8
373,Thin-Jam Hex Nut 12,HJ-9080,0,0,NULL,1000,750,0,0,NULL,NULL,NULL,NULL,0,NULL,NULL,NULL,NULL,NULL,00:00.0,NULL,NULL,01:36.8
374,Thin-Jam Hex Nut 11,HJ-9161,0,0,NULL,1000,750,0,0,NULL,NULL,NULL,NULL,0,NULL,NULL,NULL,NULL,NULL,00:00.0,NULL,NULL,01:36.8
375,Hex Nut 5,HN-1024,0,0,NULL,1000,750,0,0,NULL,NULL,NULL,NULL,0,NULL,NULL,NULL,NULL,NULL,00:00.0,NULL,NULL,01:36.8
376,Hex Nut 6,HN-1032,0,0,NULL,1000,750,0,0,NULL,NULL,NULL,NULL,0,NULL,NULL,NULL,NULL,NULL,00:00.0,NULL,NULL,01:36.8
377,Hex Nut 16,HN-1213,0,0,NULL,1000,750,0,0,NULL,NULL,NULL,NULL,0,NULL,NULL,NULL,NULL,NULL,00:00.0,NULL,NULL,01:36.8
378,Hex Nut 17,HN-1220,0,0,NULL,1000,750,0,0,NULL,NULL,NULL,NULL,0,NULL,NULL,NULL,NULL,NULL,00:00.0,NULL,NULL,01:36.8
379,Hex Nut 7,HN-1224,0,0,NULL,1000,750,0,0,NULL,NULL,NULL,NULL,0,NULL,NULL,NULL,NULL,NULL,00:00.0,NULL,NULL,01:36.8
380,Hex Nut 8,HN-1420,0,0,NULL,1000,750,0,0,NULL,NULL,NULL,NULL,0,NULL,NULL,NULL,NULL,NULL,00:00.0,NULL,NULL,01:36.8
381,Hex Nut 9,HN-1428,0,0,NULL,1000,750,0,0,NULL,NULL,NULL,NULL,0,NULL,NULL,NULL,NULL,NULL,00:00.0,NULL,NULL,01:36.8
382,Hex Nut 22,HN-3410,0,0,NULL,1000,750,0,0,NULL,NULL,NULL,NULL,0,NULL,NULL,NULL,NULL,NULL,00:00.0,NULL,NULL,01:36.8
383,Hex Nut 23,HN-3416,0,0,NULL,1000,750,0,0,NULL,NULL,NULL,NULL,0,NULL,NULL,NULL,NULL,NULL,00:00.0,NULL,NULL,01:36.8
384,Hex Nut 12,HN-3816,0,0,NULL,1000,750,0,0,NULL,NULL,NULL,NULL,0,NULL,NULL,NULL,NULL,NULL,00:00.0,NULL,NULL,01:36.8
385,Hex Nut 13,HN-3824,0,0,NULL,1000,750,0,0,NULL,NULL,NULL,NULL,0,NULL,NULL,NULL,NULL,NULL,00:00.0,NULL,NULL,01:36.8
386,Hex Nut 1,HN-4402,0,0,NULL,1000,750,0,0,NULL,NULL,NULL,NULL,0,NULL,NULL,NULL,NULL,NULL,00:00.0,NULL,NULL,01:36.8
387,Hex Nut 10,HN-5161,0,0,NULL,1000,750,0,0,NULL,NULL,NULL,NULL,0,NULL,NULL,NULL,NULL,NULL,00:00.0,NULL,NULL,01:36.8
388,Hex Nut 11,HN-5162,0,0,NULL,1000,750,0,0,NULL,NULL,NULL,NULL,0,NULL,NULL,NULL,NULL,NULL,00:00.0,NULL,NULL,01:36.8
389,Hex Nut 2,HN-5400,0,0,NULL,1000,750,0,0,NULL,NULL,NULL,NULL,0,NULL,NULL,NULL,NULL,NULL,00:00.0,NULL,NULL,01:36.8
390,Hex Nut 20,HN-5811,0,0,NULL,1000,750,0,0,NULL,NULL,NULL,NULL,0,NULL,NULL,NULL,NULL,NULL,00:00.0,NULL,NULL,01:36.8
391,Hex Nut 21,HN-5818,0,0,NULL,1000,750,0,0,NULL,NULL,NULL,NULL,0,NULL,NULL,NULL,NULL,NULL,00:00.0,NULL,NULL,01:36.8
392,Hex Nut 3,HN-6320,0,0,NULL,1000,750,0,0,NULL,NULL,NULL,NULL,0,NULL,NULL,NULL,NULL,NULL,00:00.0,NULL,NULL,01:36.8
393,Hex Nut 14,HN-7161,0,0,NULL,1000,750,0,0,NULL,NULL,NULL,NULL,0,NULL,NULL,NULL,NULL,NULL,00:00.0,NULL,NULL,01:36.8
394,Hex Nut 15,HN-7162,0,0,NULL,1000,750,0,0,NULL,NULL,NULL,NULL,0,NULL,NULL,NULL,NULL,NULL,00:00.0,NULL,NULL,01:36.8
395,Hex Nut 4,HN-8320,0,0,NULL,1000,750,0,0,NULL,NULL,NULL,NULL,0,NULL,NULL,NULL,NULL,NULL,00:00.0,NULL,NULL,01:36.8
396,Hex Nut 18,HN-9161,0,0,NULL,1000,750,0,0,NULL,NULL,NULL,NULL,0,NULL,NULL,NULL,NULL,NULL,00:00.0,NULL,NULL,01:36.8
397,Hex Nut 19,HN-9168,0,0,NULL,1000,750,0,0,NULL,NULL,NULL,NULL,0,NULL,NULL,NULL,NULL,NULL,00:00.0,NULL,NULL,01:36.8
398,Handlebar Tube,HT-2981,1,0,NULL,800,600,0,0,NULL,NULL,NULL,NULL,1,NULL,NULL,NULL,NULL,NULL,00:00.0,NULL,NULL,01:36.8
399,Head Tube,HT-8019,1,0,NULL,800,600,0,0,NULL,NULL,NULL,NULL,1,NULL,NULL,NULL,NULL,NULL,00:00.0,NULL,NULL,01:36.8
400,LL Hub,HU-6280,1,0,NULL,500,375,0,0,NULL,NULL,NULL,NULL,1,NULL,L ,NULL,NULL,NULL,00:00.0,NULL,NULL,01:36.8
401,HL Hub,HU-8998,1,0,NULL,500,375,0,0,NULL,NULL,NULL,NULL,1,NULL,NULL,NULL,NULL,NULL,00:00.0,NULL,NULL,01:36.8
402,Keyed Washer,KW-4091,0,0,NULL,1000,750,0,0,NULL,NULL,NULL,NULL,0,NULL,NULL,NULL,NULL,NULL,00:00.0,NULL,NULL,01:36.8
403,External Lock Washer 3,LE-1000,0,0,NULL,1000,750,0,0,NULL,NULL,NULL,NULL,0,NULL,NULL,NULL,NULL,NULL,00:00.0,NULL,NULL,01:36.8
404,External Lock Washer 4,LE-1200,0,0,NULL,1000,750,0,0,NULL,NULL,NULL,NULL,0,NULL,NULL,NULL,NULL,NULL,00:00.0,NULL,NULL,01:36.8
405,External Lock Washer 9,LE-1201,0,0,NULL,1000,750,0,0,NULL,NULL,NULL,NULL,0,NULL,NULL,NULL,NULL,NULL,00:00.0,NULL,NULL,01:36.8
406,External Lock Washer 5,LE-1400,0,0,NULL,1000,750,0,0,NULL,NULL,NULL,NULL,0,NULL,NULL,NULL,NULL,NULL,00:00.0,NULL,NULL,01:36.8
407,External Lock Washer 7,LE-3800,0,0,NULL,1000,750,0,0,NULL,NULL,NULL,NULL,0,NULL,NULL,NULL,NULL,NULL,00:00.0,NULL,NULL,01:36.8
408,External Lock Washer 6,LE-5160,0,0,NULL,1000,750,0,0,NULL,NULL,NULL,NULL,0,NULL,NULL,NULL,NULL,NULL,00:00.0,NULL,NULL,01:36.8
409,External Lock Washer 1,LE-6000,0,0,NULL,1000,750,0,0,NULL,NULL,NULL,NULL,0,NULL,NULL,NULL,NULL,NULL,00:00.0,NULL,NULL,01:36.8
410,External Lock Washer 8,LE-7160,0,0,NULL,1000,750,0,0,NULL,NULL,NULL,NULL,0,NULL,NULL,NULL,NULL,NULL,00:00.0,NULL,NULL,01:36.8
411,External Lock Washer 2,LE-8000,0,0,NULL,1000,750,0,0,NULL,NULL,NULL,NULL,0,NULL,NULL,NULL,NULL,NULL,00:00.0,NULL,NULL,01:36.8
412,Internal Lock Washer 3,LI-1000,0,0,NULL,1000,750,0,0,NULL,NULL,NULL,NULL,0,NULL,NULL,NULL,NULL,NULL,00:00.0,NULL,NULL,01:36.8
413,Internal Lock Washer 4,LI-1200,0,0,NULL,1000,750,0,0,NULL,NULL,NULL,NULL,0,NULL,NULL,NULL,NULL,NULL,00:00.0,NULL,NULL,01:36.8
414,Internal Lock Washer 9,LI-1201,0,0,NULL,1000,750,0,0,NULL,NULL,NULL,NULL,0,NULL,NULL,NULL,NULL,NULL,00:00.0,NULL,NULL,01:36.8
415,Internal Lock Washer 5,LI-1400,0,0,NULL,1000,750,0,0,NULL,NULL,NULL,NULL,0,NULL,NULL,NULL,NULL,NULL,00:00.0,NULL,NULL,01:36.8
416,Internal Lock Washer 7,LI-3800,0,0,NULL,1000,750,0,0,NULL,NULL,NULL,NULL,0,NULL,NULL,NULL,NULL,NULL,00:00.0,NULL,NULL,01:36.8
417,Internal Lock Washer 6,LI-5160,0,0,NULL,1000,750,0,0,NULL,NULL,NULL,NULL,0,NULL,NULL,NULL,NULL,NULL,00:00.0,NULL,NULL,01:36.8
418,Internal Lock Washer 10,LI-5800,0,0,NULL,1000,750,0,0,NULL,NULL,NULL,NULL,0,NULL,NULL,NULL,NULL,NULL,00:00.0,NULL,NULL,01:36.8
419,Internal Lock Washer 1,LI-6000,0,0,NULL,1000,750,0,0,NULL,NULL,NULL,NULL,0,NULL,NULL,NULL,NULL,NULL,00:00.0,NULL,NULL,01:36.8
420,Internal Lock Washer 8,LI-7160,0,0,NULL,1000,750,0,0,NULL,NULL,NULL,NULL,0,NULL,NULL,NULL,NULL,NULL,00:00.0,NULL,NULL,01:36.8
421,Internal Lock Washer 2,LI-8000,0,0,NULL,1000,750,0,0,NULL,NULL,NULL,NULL,0,NULL,NULL,NULL,NULL,NULL,00:00.0,NULL,NULL,01:36.8
422,Thin-Jam Lock Nut 9,LJ-1213,0,0,NULL,1000,750,0,0,NULL,NULL,NULL,NULL,0,NULL,NULL,NULL,NULL,NULL,00:00.0,NULL,NULL,01:36.8
423,Thin-Jam Lock Nut 10,LJ-1220,0,0,NULL,1000,750,0,0,NULL,NULL,NULL,NULL,0,NULL,NULL,NULL,NULL,NULL,00:00.0,NULL,NULL,01:36.8
424,Thin-Jam Lock Nut 1,LJ-1420,0,0,NULL,1000,750,0,0,NULL,NULL,NULL,NULL,0,NULL,NULL,NULL,NULL,NULL,00:00.0,NULL,NULL,01:36.8
425,Thin-Jam Lock Nut 2,LJ-1428,0,0,NULL,1000,750,0,0,NULL,NULL,NULL,NULL,0,NULL,NULL,NULL,NULL,NULL,00:00.0,NULL,NULL,01:36.8
426,Thin-Jam Lock Nut 15,LJ-3410,0,0,NULL,1000,750,0,0,NULL,NULL,NULL,NULL,0,NULL,NULL,NULL,NULL,NULL,00:00.0,NULL,NULL,01:36.8
427,Thin-Jam Lock Nut 16,LJ-3416,0,0,NULL,1000,750,0,0,NULL,NULL,NULL,NULL,0,NULL,NULL,NULL,NULL,NULL,00:00.0,NULL,NULL,01:36.8
428,Thin-Jam Lock Nut 5,LJ-3816,0,0,NULL,1000,750,0,0,NULL,NULL,NULL,NULL,0,NULL,NULL,NULL,NULL,NULL,00:00.0,NULL,NULL,01:36.8
429,Thin-Jam Lock Nut 6,LJ-3824,0,0,NULL,1000,750,0,0,NULL,NULL,NULL,NULL,0,NULL,NULL,NULL,NULL,NULL,00:00.0,NULL,NULL,01:36.8
430,Thin-Jam Lock Nut 3,LJ-5161,0,0,NULL,1000,750,0,0,NULL,NULL,NULL,NULL,0,NULL,NULL,NULL,NULL,NULL,00:00.0,NULL,NULL,01:36.8
431,Thin-Jam Lock Nut 4,LJ-5162,0,0,NULL,1000,750,0,0,NULL,NULL,NULL,NULL,0,NULL,NULL,NULL,NULL,NULL,00:00.0,NULL,NULL,01:36.8
432,Thin-Jam Lock Nut 13,LJ-5811,0,0,NULL,1000,750,0,0,NULL,NULL,NULL,NULL,0,NULL,NULL,NULL,NULL,NULL,00:00.0,NULL,NULL,01:36.8
433,Thin-Jam Lock Nut 14,LJ-5818,0,0,NULL,1000,750,0,0,NULL,NULL,NULL,NULL,0,NULL,NULL,NULL,NULL,NULL,00:00.0,NULL,NULL,01:36.8
434,Thin-Jam Lock Nut 7,LJ-7161,0,0,NULL,1000,750,0,0,NULL,NULL,NULL,NULL,0,NULL,NULL,NULL,NULL,NULL,00:00.0,NULL,NULL,01:36.8
435,Thin-Jam Lock Nut 8,LJ-7162,0,0,NULL,1000,750,0,0,NULL,NULL,NULL,NULL,0,NULL,NULL,NULL,NULL,NULL,00:00.0,NULL,NULL,01:36.8
436,Thin-Jam Lock Nut 12,LJ-9080,0,0,NULL,1000,750,0,0,NULL,NULL,NULL,NULL,0,NULL,NULL,NULL,NULL,NULL,00:00.0,NULL,NULL,01:36.8
437,Thin-Jam Lock Nut 11,LJ-9161,0,0,NULL,1000,750,0,0,NULL,NULL,NULL,NULL,0,NULL,NULL,NULL,NULL,NULL,00:00.0,NULL,NULL,01:36.8
438,Lock Nut 5,LN-1024,0,0,NULL,1000,750,0,0,NULL,NULL,NULL,NULL,0,NULL,NULL,NULL,NULL,NULL,00:00.0,NULL,NULL,01:36.8
439,Lock Nut 6,LN-1032,0,0,NULL,1000,750,0,0,NULL,NULL,NULL,NULL,0,NULL,NULL,NULL,NULL,NULL,00:00.0,NULL,NULL,01:36.8
440,Lock Nut 16,LN-1213,0,0,NULL,1000,750,0,0,NULL,NULL,NULL,NULL,0,NULL,NULL,NULL,NULL,NULL,00:00.0,NULL,NULL,01:36.8
441,Lock Nut 17,LN-1220,0,0,NULL,1000,750,0,0,NULL,NULL,NULL,NULL,0,NULL,NULL,NULL,NULL,NULL,00:00.0,NULL,NULL,01:36.8
442,Lock Nut 7,LN-1224,0,0,NULL,1000,750,0,0,NULL,NULL,NULL,NULL,0,NULL,NULL,NULL,NULL,NULL,00:00.0,NULL,NULL,01:36.8
443,Lock Nut 8,LN-1420,0,0,NULL,1000,750,0,0,NULL,NULL,NULL,NULL,0,NULL,NULL,NULL,NULL,NULL,00:00.0,NULL,NULL,01:36.8
444,Lock Nut 9,LN-1428,0,0,NULL,1000,750,0,0,NULL,NULL,NULL,NULL,0,NULL,NULL,NULL,NULL,NULL,00:00.0,NULL,NULL,01:36.8
445,Lock Nut 22,LN-3410,0,0,NULL,1000,750,0,0,NULL,NULL,NULL,NULL,0,NULL,NULL,NULL,NULL,NULL,00:00.0,NULL,NULL,01:36.8
446,Lock Nut 23,LN-3416,0,0,NULL,1000,750,0,0,NULL,NULL,NULL,NULL,0,NULL,NULL,NULL,NULL,NULL,00:00.0,NULL,NULL,01:36.8
447,Lock Nut 12,LN-3816,0,0,NULL,1000,750,0,0,NULL,NULL,NULL,NULL,0,NULL,NULL,NULL,NULL,NULL,00:00.0,NULL,NULL,01:36.8
448,Lock Nut 13,LN-3824,0,0,NULL,1000,750,0,0,NULL,NULL,NULL,NULL,0,NULL,NULL,NULL,NULL,NULL,00:00.0,NULL,NULL,01:36.8
449,Lock Nut 1,LN-4400,0,0,NULL,1000,750,0,0,NULL,NULL,NULL,NULL,0,NULL,NULL,NULL,NULL,NULL,00:00.0,NULL,NULL,01:36.8
450,Lock Nut 10,LN-5161,0,0,NULL,1000,750,0,0,NULL,NULL,NULL,NULL,0,NULL,NULL,NULL,NULL,NULL,00:00.0,NULL,NULL,01:36.8
451,Lock Nut 11,LN-5162,0,0,NULL,1000,750,0,0,NULL,NULL,NULL,NULL,0,NULL,NULL,NULL,NULL,NULL,00:00.0,NULL,NULL,01:36.8
452,Lock Nut 2,LN-5400,0,0,NULL,1000,750,0,0,NULL,NULL,NULL,NULL,0,NULL,NULL,NULL,NULL,NULL,00:00.0,NULL,NULL,01:36.8
453,Lock Nut 20,LN-5811,0,0,NULL,1000,750,0,0,NULL,NULL,NULL,NULL,0,NULL,NULL,NULL,NULL,NULL,00:00.0,NULL,NULL,01:36.8
454,Lock Nut 21,LN-5818,0,0,NULL,1000,750,0,0,NULL,NULL,NULL,NULL,0,NULL,NULL,NULL,NULL,NULL,00:00.0,NULL,NULL,01:36.8
455,Lock Nut 3,LN-6320,0,0,NULL,1000,750,0,0,NULL,NULL,NULL,NULL,0,NULL,NULL,NULL,NULL,NULL,00:00.0,NULL,NULL,01:36.8
456,Lock Nut 14,LN-7161,0,0,NULL,1000,750,0,0,NULL,NULL,NULL,NULL,0,NULL,NULL,NULL,NULL,NULL,00:00.0,NULL,NULL,01:36.8
457,Lock Nut 15,LN-7162,0,0,NULL,1000,750,0,0,NULL,NULL,NULL,NULL,0,NULL,NULL,NULL,NULL,NULL,00:00.0,NULL,NULL,01:36.8
458,Lock Nut 4,LN-8320,0,0,NULL,1000,750,0,0,NULL,NULL,NULL,NULL,0,NULL,NULL,NULL,NULL,NULL,00:00.0,NULL,NULL,01:36.8
459,Lock Nut 19,LN-9080,0,0,NULL,1000,750,0,0,NULL,NULL,NULL,NULL,0,NULL,NULL,NULL,NULL,NULL,00:00.0,NULL,NULL,01:36.8
460,Lock Nut 18,LN-9161,0,0,NULL,1000,750,0,0,NULL,NULL,NULL,NULL,0,NULL,NULL,NULL,NULL,NULL,00:00.0,NULL,NULL,01:36.8
461,Lock Ring,LR-2398,0,0,Silver,1000,750,0,0,NULL,NULL,NULL,NULL,0,NULL,NULL,NULL,NULL,NULL,00:00.0,NULL,NULL,01:36.8
462,Lower Head Race,LR-8520,0,0,NULL,1000,750,0,0,NULL,NULL,NULL,NULL,0,NULL,NULL,NULL,NULL,NULL,00:00.0,NULL,NULL,01:36.8
463,Lock Washer 4,LW-1000,0,0,NULL,1000,750,0,0,NULL,NULL,NULL,NULL,0,NULL,NULL,NULL,NULL,NULL,00:00.0,NULL,NULL,01:36.8
464,Lock Washer 5,LW-1200,0,0,NULL,1000,750,0,0,NULL,NULL,NULL,NULL,0,NULL,NULL,NULL,NULL,NULL,00:00.0,NULL,NULL,01:36.8
465,Lock Washer 10,LW-1201,0,0,NULL,1000,750,0,0,NULL,NULL,NULL,NULL,0,NULL,NULL,NULL,NULL,NULL,00:00.0,NULL,NULL,01:36.8
466,Lock Washer 6,LW-1400,0,0,NULL,1000,750,0,0,NULL,NULL,NULL,NULL,0,NULL,NULL,NULL,NULL,NULL,00:00.0,NULL,NULL,01:36.8
467,Lock Washer 13,LW-3400,0,0,NULL,1000,750,0,0,NULL,NULL,NULL,NULL,0,NULL,NULL,NULL,NULL,NULL,00:00.0,NULL,NULL,01:36.8
468,Lock Washer 8,LW-3800,0,0,NULL,1000,750,0,0,NULL,NULL,NULL,NULL,0,NULL,NULL,NULL,NULL,NULL,00:00.0,NULL,NULL,01:36.8
469,Lock Washer 1,LW-4000,0,0,NULL,1000,750,0,0,NULL,NULL,NULL,NULL,0,NULL,NULL,NULL,NULL,NULL,00:00.0,NULL,NULL,01:36.8
470,Lock Washer 7,LW-5160,0,0,NULL,1000,750,0,0,NULL,NULL,NULL,NULL,0,NULL,NULL,NULL,NULL,NULL,00:00.0,NULL,NULL,01:36.8
471,Lock Washer 12,LW-5800,0,0,NULL,1000,750,0,0,NULL,NULL,NULL,NULL,0,NULL,NULL,NULL,NULL,NULL,00:00.0,NULL,NULL,01:36.8
472,Lock Washer 2,LW-6000,0,0,NULL,1000,750,0,0,NULL,NULL,NULL,NULL,0,NULL,NULL,NULL,NULL,NULL,00:00.0,NULL,NULL,01:36.8
473,Lock Washer 9,LW-7160,0,0,NULL,1000,750,0,0,NULL,NULL,NULL,NULL,0,NULL,NULL,NULL,NULL,NULL,00:00.0,NULL,NULL,01:36.8
474,Lock Washer 3,LW-8000,0,0,NULL,1000,750,0,0,NULL,NULL,NULL,NULL,0,NULL,NULL,NULL,NULL,NULL,00:00.0,NULL,NULL,01:36.8
475,Lock Washer 11,LW-9160,0,0,NULL,1000,750,0,0,NULL,NULL,NULL,NULL,0,NULL,NULL,NULL,NULL,NULL,00:00.0,NULL,NULL,01:36.8
476,Metal Angle,MA-7075,0,0,NULL,1000,750,0,0,NULL,NULL,NULL,NULL,0,NULL,NULL,NULL,NULL,NULL,00:00.0,NULL,NULL,01:36.8
477,Metal Bar 1,MB-2024,0,0,NULL,1000,750,0,0,NULL,NULL,NULL,NULL,0,NULL,NULL,NULL,NULL,NULL,00:00.0,NULL,NULL,01:36.8
478,Metal Bar 2,MB-6061,0,0,NULL,1000,750,0,0,NULL,NULL,NULL,NULL,0,NULL,NULL,NULL,NULL,NULL,00:00.0,NULL,NULL,01:36.8
479,Metal Plate 2,MP-2066,0,0,NULL,1000,750,0,0,NULL,NULL,NULL,NULL,0,NULL,NULL,NULL,NULL,NULL,00:00.0,NULL,NULL,01:36.8
480,Metal Plate 1,MP-2503,0,0,NULL,1000,750,0,0,NULL,NULL,NULL,NULL,0,NULL,NULL,NULL,NULL,NULL,00:00.0,NULL,NULL,01:36.8
481,Metal Plate 3,MP-4960,0,0,NULL,1000,750,0,0,NULL,NULL,NULL,NULL,0,NULL,NULL,NULL,NULL,NULL,00:00.0,NULL,NULL,01:36.8
482,Metal Sheet 2,MS-0253,0,0,NULL,1000,750,0,0,NULL,NULL,NULL,NULL,0,NULL,NULL,NULL,NULL,NULL,00:00.0,NULL,NULL,01:36.8
483,Metal Sheet 3,MS-1256,0,0,NULL,1000,750,0,0,NULL,NULL,NULL,NULL,0,NULL,NULL,NULL,NULL,NULL,00:00.0,NULL,NULL,01:36.8
484,Metal Sheet 7,MS-1981,0,0,NULL,1000,750,0,0,NULL,NULL,NULL,NULL,0,NULL,NULL,NULL,NULL,NULL,00:00.0,NULL,NULL,01:36.8
485,Metal Sheet 4,MS-2259,0,0,NULL,1000,750,0,0,NULL,NULL,NULL,NULL,0,NULL,NULL,NULL,NULL,NULL,00:00.0,NULL,NULL,01:36.8
486,Metal Sheet 5,MS-2341,0,0,NULL,1000,750,0,0,NULL,NULL,NULL,NULL,0,NULL,NULL,NULL,NULL,NULL,00:00.0,NULL,NULL,01:36.8
487,Metal Sheet 6,MS-2348,0,0,NULL,1000,750,0,0,NULL,NULL,NULL,NULL,0,NULL,NULL,NULL,NULL,NULL,00:00.0,NULL,NULL,01:36.8
488,Metal Sheet 1,MS-6061,0,0,NULL,1000,750,0,0,NULL,NULL,NULL,NULL,0,NULL,NULL,NULL,NULL,NULL,00:00.0,NULL,NULL,01:36.8
489,Metal Tread Plate,MT-1000,0,0,NULL,1000,750,0,0,NULL,NULL,NULL,NULL,0,NULL,NULL,NULL,NULL,NULL,00:00.0,NULL,NULL,01:36.8
490,LL Nipple,NI-4127,0,0,NULL,1000,750,0,0,NULL,NULL,NULL,NULL,0,NULL,L ,NULL,NULL,NULL,00:00.0,NULL,NULL,01:36.8
491,HL Nipple,NI-9522,0,0,NULL,1000,750,0,0,NULL,NULL,NULL,NULL,0,NULL,NULL,NULL,NULL,NULL,00:00.0,NULL,NULL,01:36.8
492,Paint - Black,PA-187B,0,0,NULL,60,45,0,0,NULL,NULL,NULL,NULL,0,NULL,NULL,NULL,NULL,NULL,00:00.0,NULL,NULL,01:36.8
493,Paint - Red,PA-361R,0,0,NULL,60,45,0,0,NULL,NULL,NULL,NULL,0,NULL,NULL,NULL,NULL,NULL,00:00.0,NULL,NULL,01:36.8
494,Paint - Silver,PA-529S,0,0,NULL,60,45,0,0,NULL,NULL,NULL,NULL,0,NULL,NULL,NULL,NULL,NULL,00:00.0,NULL,NULL,01:36.8
495,Paint - Blue,PA-632U,0,0,NULL,60,45,0,0,NULL,NULL,NULL,NULL,0,NULL,NULL,NULL,NULL,NULL,00:00.0,NULL,NULL,01:36.8
496,Paint - Yellow,PA-823Y,0,0,NULL,60,45,0,0,NULL,NULL,NULL,NULL,0,NULL,NULL,NULL,NULL,NULL,00:00.0,NULL,NULL,01:36.8
497,Pinch Bolt,PB-6109,0,0,NULL,1000,750,0,0,NULL,NULL,NULL,NULL,0,NULL,NULL,NULL,NULL,NULL,00:00.0,NULL,NULL,01:36.8
504,Cup-Shaped Race,RA-2345,0,0,NULL,1000,750,0,0,NULL,NULL,NULL,NULL,0,NULL,NULL,NULL,NULL,NULL,00:00.0,NULL,NULL,01:36.8
505,Cone-Shaped Race,RA-7490,0,0,NULL,1000,750,0,0,NULL,NULL,NULL,NULL,0,NULL,NULL,NULL,NULL,NULL,00:00.0,NULL,NULL,01:36.8
506,Reflector,RF-9198,0,0,NULL,1000,750,0,0,NULL,NULL,NULL,NULL,0,NULL,NULL,NULL,NULL,NULL,00:00.0,NULL,NULL,01:36.8
507,LL Mountain Rim,RM-M464,0,0,NULL,800,600,0,0,NULL,NULL,G  ,435,0,NULL,L ,NULL,NULL,NULL,00:00.0,NULL,NULL,01:36.8
508,ML Mountain Rim,RM-M692,0,0,NULL,800,600,0,0,NULL,NULL,G  ,450,0,NULL,M ,NULL,NULL,NULL,00:00.0,NULL,NULL,01:36.8
509,HL Mountain Rim,RM-M823,0,0,NULL,800,600,0,0,NULL,NULL,G  ,400,0,NULL,NULL,NULL,NULL,NULL,00:00.0,NULL,NULL,01:36.8
510,LL Road Rim,RM-R436,0,0,NULL,800,600,0,0,NULL,NULL,G  ,445,0,NULL,L ,NULL,NULL,NULL,00:00.0,NULL,NULL,01:36.8
511,ML Road Rim,RM-R600,0,0,NULL,800,600,0,0,NULL,NULL,G  ,450,0,NULL,M ,NULL,NULL,NULL,00:00.0,NULL,NULL,01:36.8
512,HL Road Rim,RM-R800,0,0,NULL,800,600,0,0,NULL,NULL,G  ,400,0,NULL,NULL,NULL,NULL,NULL,00:00.0,NULL,NULL,01:36.8
513,Touring Rim,RM-T801,0,0,NULL,800,600,0,0,NULL,NULL,G  ,460,0,NULL,NULL,NULL,NULL,NULL,00:00.0,NULL,NULL,01:36.8
514,LL Mountain Seat Assembly,SA-M198,1,0,NULL,500,375,98.77,133.34,NULL,NULL,NULL,NULL,1,NULL,L ,NULL,NULL,NULL,00:00.0,NULL,NULL,01:36.8
515,ML Mountain Seat Assembly,SA-M237,1,0,NULL,500,375,108.99,147.14,NULL,NULL,NULL,NULL,1,NULL,M ,NULL,NULL,NULL,00:00.0,NULL,NULL,01:36.8
516,HL Mountain Seat Assembly,SA-M687,1,0,NULL,500,375,145.87,196.92,NULL,NULL,NULL,NULL,1,NULL,NULL,NULL,NULL,NULL,00:00.0,NULL,NULL,01:36.8
517,LL Road Seat Assembly,SA-R127,1,0,NULL,500,375,98.77,133.34,NULL,NULL,NULL,NULL,1,NULL,L ,NULL,NULL,NULL,00:00.0,NULL,NULL,01:36.8
518,ML Road Seat Assembly,SA-R430,1,0,NULL,500,375,108.99,147.14,NULL,NULL,NULL,NULL,1,NULL,M ,NULL,NULL,NULL,00:00.0,NULL,NULL,01:36.8
519,HL Road Seat Assembly,SA-R522,1,0,NULL,500,375,145.87,196.92,NULL,NULL,NULL,NULL,1,NULL,NULL,NULL,NULL,NULL,00:00.0,NULL,NULL,01:36.8
520,LL Touring Seat Assembly,SA-T467,1,0,NULL,500,375,98.77,133.34,NULL,NULL,NULL,NULL,1,NULL,L ,NULL,NULL,NULL,00:00.0,NULL,NULL,01:36.8
521,ML Touring Seat Assembly,SA-T612,1,0,NULL,500,375,108.99,147.14,NULL,NULL,NULL,NULL,1,NULL,M ,NULL,NULL,NULL,00:00.0,NULL,NULL,01:36.8
522,HL Touring Seat Assembly,SA-T872,1,0,NULL,500,375,145.87,196.92,NULL,NULL,NULL,NULL,1,NULL,NULL,NULL,NULL,NULL,00:00.0,NULL,NULL,01:36.8
523,LL Spindle/Axle,SD-2342,0,0,NULL,500,375,0,0,NULL,NULL,NULL,NULL,0,NULL,L ,NULL,NULL,NULL,00:00.0,NULL,NULL,01:36.8
524,HL Spindle/Axle,SD-9872,0,0,NULL,500,375,0,0,NULL,NULL,NULL,NULL,0,NULL,NULL,NULL,NULL,NULL,00:00.0,NULL,NULL,01:36.8
525,LL Shell,SH-4562,0,0,NULL,800,600,0,0,NULL,NULL,NULL,NULL,0,NULL,L ,NULL,NULL,NULL,00:00.0,NULL,NULL,01:36.8
526,HL Shell,SH-9312,0,0,NULL,800,600,0,0,NULL,NULL,NULL,NULL,0,NULL,NULL,NULL,NULL,NULL,00:00.0,NULL,NULL,01:36.8
527,Spokes,SK-9283,0,0,NULL,1000,750,0,0,NULL,NULL,NULL,NULL,0,NULL,NULL,NULL,NULL,NULL,00:00.0,NULL,NULL,01:36.8
528,Seat Lug,SL-0931,0,0,NULL,1000,750,0,0,NULL,NULL,NULL,NULL,0,NULL,NULL,NULL,NULL,NULL,00:00.0,NULL,NULL,01:36.8
529,Stem,SM-9087,1,0,NULL,500,375,0,0,NULL,NULL,NULL,NULL,1,NULL,NULL,NULL,NULL,NULL,00:00.0,NULL,NULL,01:36.8
530,Seat Post,SP-2981,0,0,NULL,500,375,0,0,NULL,NULL,NULL,NULL,0,NULL,NULL,NULL,NULL,NULL,00:00.0,NULL,NULL,01:36.8
531,Steerer,SR-2098,1,0,NULL,500,375,0,0,NULL,NULL,NULL,NULL,1,NULL,NULL,NULL,NULL,NULL,00:00.0,NULL,NULL,01:36.8
532,Seat Stays,SS-2985,1,0,NULL,800,600,0,0,NULL,NULL,NULL,NULL,1,NULL,NULL,NULL,NULL,NULL,00:00.0,NULL,NULL,01:36.8
533,Seat Tube,ST-9828,1,0,NULL,500,375,0,0,NULL,NULL,NULL,NULL,1,NULL,NULL,NULL,NULL,NULL,00:00.0,NULL,NULL,01:36.8
534,Top Tube,TO-2301,1,0,NULL,500,375,0,0,NULL,NULL,NULL,NULL,1,NULL,NULL,NULL,NULL,NULL,00:00.0,NULL,NULL,01:36.8
535,Tension Pulley,TP-0923,0,0,NULL,800,600,0,0,NULL,NULL,NULL,NULL,0,NULL,NULL,NULL,NULL,NULL,00:00.0,NULL,NULL,01:36.8
679,Rear Derailleur Cage,RC-0291,0,0,Silver,500,375,0,0,NULL,NULL,NULL,NULL,0,NULL,NULL,NULL,NULL,NULL,00:00.0,NULL,NULL,01:36.8
680,"HL Road Frame - Black, 58",FR-R92B-58,1,1,Black,500,375,1059.31,1431.5,58,CM ,LB ,2.24,1,R ,H ,U ,14,6,00:00.0,NULL,NULL,01:36.8
706,"HL Road Frame - Red, 58",FR-R92R-58,1,1,Red,500,375,1059.31,1431.5,58,CM ,LB ,2.24,1,R ,H ,U ,14,6,00:00.0,NULL,NULL,01:36.8
707,"Sport-100 Helmet, Red",HL-U509-R,0,1,Red,4,3,13.0863,34.99,NULL,NULL,NULL,NULL,0,S ,NULL,NULL,31,33,00:00.0,NULL,NULL,01:36.8
708,"Sport-100 Helmet, Black",HL-U509,0,1,Black,4,3,13.0863,34.99,NULL,NULL,NULL,NULL,0,S ,NULL,NULL,31,33,00:00.0,NULL,NULL,01:36.8
709,"Mountain Bike Socks, M",SO-B909-M,0,1,White,4,3,3.3963,9.5,M,NULL,NULL,NULL,0,M ,NULL,U ,23,18,00:00.0,00:00.0,NULL,01:36.8
710,"Mountain Bike Socks, L",SO-B909-L,0,1,White,4,3,3.3963,9.5,L,NULL,NULL,NULL,0,M ,NULL,U ,23,18,00:00.0,00:00.0,NULL,01:36.8
711,"Sport-100 Helmet, Blue",HL-U509-B,0,1,Blue,4,3,13.0863,34.99,NULL,NULL,NULL,NULL,0,S ,NULL,NULL,31,33,00:00.0,NULL,NULL,01:36.8
712,AWC Logo Cap,CA-1098,0,1,Multi,4,3,6.9223,8.99,NULL,NULL,NULL,NULL,0,S ,NULL,U ,19,2,00:00.0,NULL,NULL,01:36.8
713,"Long-Sleeve Logo Jersey, S",LJ-0192-S,0,1,Multi,4,3,38.4923,49.99,S,NULL,NULL,NULL,0,S ,NULL,U ,21,11,00:00.0,NULL,NULL,01:36.8
714,"Long-Sleeve Logo Jersey, M",LJ-0192-M,0,1,Multi,4,3,38.4923,49.99,M,NULL,NULL,NULL,0,S ,NULL,U ,21,11,00:00.0,NULL,NULL,01:36.8
715,"Long-Sleeve Logo Jersey, L",LJ-0192-L,0,1,Multi,4,3,38.4923,49.99,L,NULL,NULL,NULL,0,S ,NULL,U ,21,11,00:00.0,NULL,NULL,01:36.8
716,"Long-Sleeve Logo Jersey, XL",LJ-0192-X,0,1,Multi,4,3,38.4923,49.99,XL,NULL,NULL,NULL,0,S ,NULL,U ,21,11,00:00.0,NULL,NULL,01:36.8
717,"HL Road Frame - Red, 62",FR-R92R-62,1,1,Red,500,375,868.6342,1431.5,62,CM ,LB ,2.3,1,R ,H ,U ,14,6,00:00.0,NULL,NULL,01:36.8
718,"HL Road Frame - Red, 44",FR-R92R-44,1,1,Red,500,375,868.6342,1431.5,44,CM ,LB ,2.12,1,R ,H ,U ,14,6,00:00.0,NULL,NULL,01:36.8
719,"HL Road Frame - Red, 48",FR-R92R-48,1,1,Red,500,375,868.6342,1431.5,48,CM ,LB ,2.16,1,R ,H ,U ,14,6,00:00.0,NULL,NULL,01:36.8
720,"HL Road Frame - Red, 52",FR-R92R-52,1,1,Red,500,375,868.6342,1431.5,52,CM ,LB ,2.2,1,R ,H ,U ,14,6,00:00.0,NULL,NULL,01:36.8
721,"HL Road Frame - Red, 56",FR-R92R-56,1,1,Red,500,375,868.6342,1431.5,56,CM ,LB ,2.24,1,R ,H ,U ,14,6,00:00.0,NULL,NULL,01:36.8
722,"LL Road Frame - Black, 58",FR-R38B-58,1,1,Black,500,375,204.6251,337.22,58,CM ,LB ,2.46,1,R ,L ,U ,14,9,00:00.0,NULL,NULL,01:36.8
723,"LL Road Frame - Black, 60",FR-R38B-60,1,1,Black,500,375,204.6251,337.22,60,CM ,LB ,2.48,1,R ,L ,U ,14,9,00:00.0,NULL,NULL,01:36.8
724,"LL Road Frame - Black, 62",FR-R38B-62,1,1,Black,500,375,204.6251,337.22,62,CM ,LB ,2.5,1,R ,L ,U ,14,9,00:00.0,NULL,NULL,01:36.8
725,"LL Road Frame - Red, 44",FR-R38R-44,1,1,Red,500,375,187.1571,337.22,44,CM ,LB ,2.32,1,R ,L ,U ,14,9,00:00.0,00:00.0,NULL,01:36.8
726,"LL Road Frame - Red, 48",FR-R38R-48,1,1,Red,500,375,187.1571,337.22,48,CM ,LB ,2.36,1,R ,L ,U ,14,9,00:00.0,00:00.0,NULL,01:36.8
727,"LL Road Frame - Red, 52",FR-R38R-52,1,1,Red,500,375,187.1571,337.22,52,CM ,LB ,2.4,1,R ,L ,U ,14,9,00:00.0,00:00.0,NULL,01:36.8
728,"LL Road Frame - Red, 58",FR-R38R-58,1,1,Red,500,375,187.1571,337.22,58,CM ,LB ,2.46,1,R ,L ,U ,14,9,00:00.0,00:00.0,NULL,01:36.8
729,"LL Road Frame - Red, 60",FR-R38R-60,1,1,Red,500,375,187.1571,337.22,60,CM ,LB ,2.48,1,R ,L ,U ,14,9,00:00.0,00:00.0,NULL,01:36.8
730,"LL Road Frame - Red, 62",FR-R38R-62,1,1,Red,500,375,187.1571,337.22,62,CM ,LB ,2.5,1,R ,L ,U ,14,9,00:00.0,00:00.0,NULL,01:36.8
731,"ML Road Frame - Red, 44",FR-R72R-44,1,1,Red,500,375,352.1394,594.83,44,CM ,LB ,2.22,1,R ,M ,U ,14,16,00:00.0,00:00.0,NULL,01:36.8
732,"ML Road Frame - Red, 48",FR-R72R-48,1,1,Red,500,375,352.1394,594.83,48,CM ,LB ,2.26,1,R ,M ,U ,14,16,00:00.0,00:00.0,NULL,01:36.8
733,"ML Road Frame - Red, 52",FR-R72R-52,1,1,Red,500,375,352.1394,594.83,52,CM ,LB ,2.3,1,R ,M ,U ,14,16,00:00.0,00:00.0,NULL,01:36.8
734,"ML Road Frame - Red, 58",FR-R72R-58,1,1,Red,500,375,352.1394,594.83,58,CM ,LB ,2.36,1,R ,M ,U ,14,16,00:00.0,00:00.0,NULL,01:36.8
735,"ML Road Frame - Red, 60",FR-R72R-60,1,1,Red,500,375,352.1394,594.83,60,CM ,LB ,2.38,1,R ,M ,U ,14,16,00:00.0,00:00.0,NULL,01:36.8
736,"LL Road Frame - Black, 44",FR-R38B-44,1,1,Black,500,375,204.6251,337.22,44,CM ,LB ,2.32,1,R ,L ,U ,14,9,00:00.0,NULL,NULL,01:36.8
737,"LL Road Frame - Black, 48",FR-R38B-48,1,1,Black,500,375,204.6251,337.22,48,CM ,LB ,2.36,1,R ,L ,U ,14,9,00:00.0,NULL,NULL,01:36.8
738,"LL Road Frame - Black, 52",FR-R38B-52,1,1,Black,500,375,204.6251,337.22,52,CM ,LB ,2.4,1,R ,L ,U ,14,9,00:00.0,NULL,NULL,01:36.8
739,"HL Mountain Frame - Silver, 42",FR-M94S-42,1,1,Silver,500,375,747.2002,1364.5,42,CM ,LB ,2.72,1,M ,H ,U ,12,5,00:00.0,NULL,NULL,01:36.8
740,"HL Mountain Frame - Silver, 44",FR-M94S-44,1,1,Silver,500,375,706.811,1364.5,44,CM ,LB ,2.76,1,M ,H ,U ,12,5,00:00.0,00:00.0,NULL,01:36.8
741,"HL Mountain Frame - Silver, 48",FR-M94S-52,1,1,Silver,500,375,706.811,1364.5,48,CM ,LB ,2.8,1,M ,H ,U ,12,5,00:00.0,00:00.0,NULL,01:36.8
742,"HL Mountain Frame - Silver, 46",FR-M94S-46,1,1,Silver,500,375,747.2002,1364.5,46,CM ,LB ,2.84,1,M ,H ,U ,12,5,00:00.0,NULL,NULL,01:36.8
743,"HL Mountain Frame - Black, 42",FR-M94B-42,1,1,Black,500,375,739.041,1349.6,42,CM ,LB ,2.72,1,M ,H ,U ,12,5,00:00.0,NULL,NULL,01:36.8
744,"HL Mountain Frame - Black, 44",FR-M94B-44,1,1,Black,500,375,699.0928,1349.6,44,CM ,LB ,2.76,1,M ,H ,U ,12,5,00:00.0,00:00.0,NULL,01:36.8
745,"HL Mountain Frame - Black, 48",FR-M94B-48,1,1,Black,500,375,699.0928,1349.6,48,CM ,LB ,2.8,1,M ,H ,U ,12,5,00:00.0,00:00.0,NULL,01:36.8
746,"HL Mountain Frame - Black, 46",FR-M94B-46,1,1,Black,500,375,739.041,1349.6,46,CM ,LB ,2.84,1,M ,H ,U ,12,5,00:00.0,NULL,NULL,01:36.8
747,"HL Mountain Frame - Black, 38",FR-M94B-38,1,1,Black,500,375,739.041,1349.6,38,CM ,LB ,2.68,2,M ,H ,U ,12,5,00:00.0,NULL,NULL,01:36.8
748,"HL Mountain Frame - Silver, 38",FR-M94S-38,1,1,Silver,500,375,747.2002,1364.5,38,CM ,LB ,2.68,2,M ,H ,U ,12,5,00:00.0,NULL,NULL,01:36.8
749,"Road-150 Red, 62",BK-R93R-62,1,1,Red,100,75,2171.2942,3578.27,62,CM ,LB ,15,4,R ,H ,U ,2,25,00:00.0,00:00.0,NULL,01:36.8
750,"Road-150 Red, 44",BK-R93R-44,1,1,Red,100,75,2171.2942,3578.27,44,CM ,LB ,13.77,4,R ,H ,U ,2,25,00:00.0,00:00.0,NULL,01:36.8
751,"Road-150 Red, 48",BK-R93R-48,1,1,Red,100,75,2171.2942,3578.27,48,CM ,LB ,14.13,4,R ,H ,U ,2,25,00:00.0,00:00.0,NULL,01:36.8
752,"Road-150 Red, 52",BK-R93R-52,1,1,Red,100,75,2171.2942,3578.27,52,CM ,LB ,14.42,4,R ,H ,U ,2,25,00:00.0,00:00.0,NULL,01:36.8
753,"Road-150 Red, 56",BK-R93R-56,1,1,Red,100,75,2171.2942,3578.27,56,CM ,LB ,14.68,4,R ,H ,U ,2,25,00:00.0,00:00.0,NULL,01:36.8
754,"Road-450 Red, 58",BK-R68R-58,1,1,Red,100,75,884.7083,1457.99,58,CM ,LB ,17.79,4,R ,M ,U ,2,28,00:00.0,00:00.0,NULL,01:36.8
755,"Road-450 Red, 60",BK-R68R-60,1,1,Red,100,75,884.7083,1457.99,60,CM ,LB ,17.9,4,R ,M ,U ,2,28,00:00.0,00:00.0,NULL,01:36.8
756,"Road-450 Red, 44",BK-R68R-44,1,1,Red,100,75,884.7083,1457.99,44,CM ,LB ,16.77,4,R ,M ,U ,2,28,00:00.0,00:00.0,NULL,01:36.8
757,"Road-450 Red, 48",BK-R68R-48,1,1,Red,100,75,884.7083,1457.99,48,CM ,LB ,17.13,4,R ,M ,U ,2,28,00:00.0,00:00.0,NULL,01:36.8
758,"Road-450 Red, 52",BK-R68R-52,1,1,Red,100,75,884.7083,1457.99,52,CM ,LB ,17.42,4,R ,M ,U ,2,28,00:00.0,00:00.0,NULL,01:36.8
759,"Road-650 Red, 58",BK-R50R-58,1,1,Red,100,75,486.7066,782.99,58,CM ,LB ,19.79,4,R ,L ,U ,2,30,00:00.0,00:00.0,NULL,01:36.8
760,"Road-650 Red, 60",BK-R50R-60,1,1,Red,100,75,486.7066,782.99,60,CM ,LB ,19.9,4,R ,L ,U ,2,30,00:00.0,00:00.0,NULL,01:36.8
761,"Road-650 Red, 62",BK-R50R-62,1,1,Red,100,75,486.7066,782.99,62,CM ,LB ,20,4,R ,L ,U ,2,30,00:00.0,00:00.0,NULL,01:36.8
762,"Road-650 Red, 44",BK-R50R-44,1,1,Red,100,75,486.7066,782.99,44,CM ,LB ,18.77,4,R ,L ,U ,2,30,00:00.0,00:00.0,NULL,01:36.8
763,"Road-650 Red, 48",BK-R50R-48,1,1,Red,100,75,486.7066,782.99,48,CM ,LB ,19.13,4,R ,L ,U ,2,30,00:00.0,00:00.0,NULL,01:36.8
764,"Road-650 Red, 52",BK-R50R-52,1,1,Red,100,75,486.7066,782.99,52,CM ,LB ,19.42,4,R ,L ,U ,2,30,00:00.0,00:00.0,NULL,01:36.8
765,"Road-650 Black, 58",BK-R50B-58,1,1,Black,100,75,486.7066,782.99,58,CM ,LB ,19.79,4,R ,L ,U ,2,30,00:00.0,00:00.0,NULL,01:36.8
766,"Road-650 Black, 60",BK-R50B-60,1,1,Black,100,75,486.7066,782.99,60,CM ,LB ,19.9,4,R ,L ,U ,2,30,00:00.0,00:00.0,NULL,01:36.8
767,"Road-650 Black, 62",BK-R50B-62,1,1,Black,100,75,486.7066,782.99,62,CM ,LB ,20,4,R ,L ,U ,2,30,00:00.0,00:00.0,NULL,01:36.8
768,"Road-650 Black, 44",BK-R50B-44,1,1,Black,100,75,486.7066,782.99,44,CM ,LB ,18.77,4,R ,L ,U ,2,30,00:00.0,00:00.0,NULL,01:36.8
769,"Road-650 Black, 48",BK-R50B-48,1,1,Black,100,75,486.7066,782.99,48,CM ,LB ,19.13,4,R ,L ,U ,2,30,00:00.0,00:00.0,NULL,01:36.8
770,"Road-650 Black, 52",BK-R50B-52,1,1,Black,100,75,486.7066,782.99,52,CM ,LB ,19.42,4,R ,L ,U ,2,30,00:00.0,00:00.0,NULL,01:36.8
771,"Mountain-100 Silver, 38",BK-M82S-38,1,1,Silver,100,75,1912.1544,3399.99,38,CM ,LB ,20.35,4,M ,H ,U ,1,19,00:00.0,00:00.0,NULL,01:36.8
772,"Mountain-100 Silver, 42",BK-M82S-42,1,1,Silver,100,75,1912.1544,3399.99,42,CM ,LB ,20.77,4,M ,H ,U ,1,19,00:00.0,00:00.0,NULL,01:36.8
773,"Mountain-100 Silver, 44",BK-M82S-44,1,1,Silver,100,75,1912.1544,3399.99,44,CM ,LB ,21.13,4,M ,H ,U ,1,19,00:00.0,00:00.0,NULL,01:36.8
774,"Mountain-100 Silver, 48",BK-M82S-48,1,1,Silver,100,75,1912.1544,3399.99,48,CM ,LB ,21.42,4,M ,H ,U ,1,19,00:00.0,00:00.0,NULL,01:36.8
775,"Mountain-100 Black, 38",BK-M82B-38,1,1,Black,100,75,1898.0944,3374.99,38,CM ,LB ,20.35,4,M ,H ,U ,1,19,00:00.0,00:00.0,NULL,01:36.8
776,"Mountain-100 Black, 42",BK-M82B-42,1,1,Black,100,75,1898.0944,3374.99,42,CM ,LB ,20.77,4,M ,H ,U ,1,19,00:00.0,00:00.0,NULL,01:36.8
777,"Mountain-100 Black, 44",BK-M82B-44,1,1,Black,100,75,1898.0944,3374.99,44,CM ,LB ,21.13,4,M ,H ,U ,1,19,00:00.0,00:00.0,NULL,01:36.8
778,"Mountain-100 Black, 48",BK-M82B-48,1,1,Black,100,75,1898.0944,3374.99,48,CM ,LB ,21.42,4,M ,H ,U ,1,19,00:00.0,00:00.0,NULL,01:36.8
779,"Mountain-200 Silver, 38",BK-M68S-38,1,1,Silver,100,75,1265.6195,2319.99,38,CM ,LB ,23.35,4,M ,H ,U ,1,20,00:00.0,NULL,NULL,01:36.8
780,"Mountain-200 Silver, 42",BK-M68S-42,1,1,Silver,100,75,1265.6195,2319.99,42,CM ,LB ,23.77,4,M ,H ,U ,1,20,00:00.0,NULL,NULL,01:36.8
781,"Mountain-200 Silver, 46",BK-M68S-46,1,1,Silver,100,75,1265.6195,2319.99,46,CM ,LB ,24.13,4,M ,H ,U ,1,20,00:00.0,NULL,NULL,01:36.8
782,"Mountain-200 Black, 38",BK-M68B-38,1,1,Black,100,75,1251.9813,2294.99,38,CM ,LB ,23.35,4,M ,H ,U ,1,20,00:00.0,NULL,NULL,01:36.8
783,"Mountain-200 Black, 42",BK-M68B-42,1,1,Black,100,75,1251.9813,2294.99,42,CM ,LB ,23.77,4,M ,H ,U ,1,20,00:00.0,NULL,NULL,01:36.8
784,"Mountain-200 Black, 46",BK-M68B-46,1,1,Black,100,75,1251.9813,2294.99,46,CM ,LB ,24.13,4,M ,H ,U ,1,20,00:00.0,NULL,NULL,01:36.8
785,"Mountain-300 Black, 38",BK-M47B-38,1,1,Black,100,75,598.4354,1079.99,38,CM ,LB ,25.35,4,M ,M ,U ,1,21,00:00.0,00:00.0,NULL,01:36.8
786,"Mountain-300 Black, 40",BK-M47B-40,1,1,Black,100,75,598.4354,1079.99,40,CM ,LB ,25.77,4,M ,M ,U ,1,21,00:00.0,00:00.0,NULL,01:36.8
787,"Mountain-300 Black, 44",BK-M47B-44,1,1,Black,100,75,598.4354,1079.99,44,CM ,LB ,26.13,4,M ,M ,U ,1,21,00:00.0,00:00.0,NULL,01:36.8
788,"Mountain-300 Black, 48",BK-M47B-48,1,1,Black,100,75,598.4354,1079.99,48,CM ,LB ,26.42,4,M ,M ,U ,1,21,00:00.0,00:00.0,NULL,01:36.8
789,"Road-250 Red, 44",BK-R89R-44,1,1,Red,100,75,1518.7864,2443.35,44,CM ,LB ,14.77,4,R ,H ,U ,2,26,00:00.0,00:00.0,NULL,01:36.8
790,"Road-250 Red, 48",BK-R89R-48,1,1,Red,100,75,1518.7864,2443.35,48,CM ,LB ,15.13,4,R ,H ,U ,2,26,00:00.0,00:00.0,NULL,01:36.8
791,"Road-250 Red, 52",BK-R89R-52,1,1,Red,100,75,1518.7864,2443.35,52,CM ,LB ,15.42,4,R ,H ,U ,2,26,00:00.0,00:00.0,NULL,01:36.8
792,"Road-250 Red, 58",BK-R89R-58,1,1,Red,100,75,1554.9479,2443.35,58,CM ,LB ,15.79,4,R ,H ,U ,2,26,00:00.0,NULL,NULL,01:36.8
793,"Road-250 Black, 44",BK-R89B-44,1,1,Black,100,75,1554.9479,2443.35,44,CM ,LB ,14.77,4,R ,H ,U ,2,26,00:00.0,NULL,NULL,01:36.8
794,"Road-250 Black, 48",BK-R89B-48,1,1,Black,100,75,1554.9479,2443.35,48,CM ,LB ,15.13,4,R ,H ,U ,2,26,00:00.0,NULL,NULL,01:36.8
795,"Road-250 Black, 52",BK-R89B-52,1,1,Black,100,75,1554.9479,2443.35,52,CM ,LB ,15.42,4,R ,H ,U ,2,26,00:00.0,NULL,NULL,01:36.8
796,"Road-250 Black, 58",BK-R89B-58,1,1,Black,100,75,1554.9479,2443.35,58,CM ,LB ,15.68,4,R ,H ,U ,2,26,00:00.0,NULL,NULL,01:36.8
797,"Road-550-W Yellow, 38",BK-R64Y-38,1,1,Yellow,100,75,713.0798,1120.49,38,CM ,LB ,17.35,4,R ,M ,W ,2,29,00:00.0,NULL,NULL,01:36.8
798,"Road-550-W Yellow, 40",BK-R64Y-40,1,1,Yellow,100,75,713.0798,1120.49,40,CM ,LB ,17.77,4,R ,M ,W ,2,29,00:00.0,NULL,NULL,01:36.8
799,"Road-550-W Yellow, 42",BK-R64Y-42,1,1,Yellow,100,75,713.0798,1120.49,42,CM ,LB ,18.13,4,R ,M ,W ,2,29,00:00.0,NULL,NULL,01:36.8
800,"Road-550-W Yellow, 44",BK-R64Y-44,1,1,Yellow,100,75,713.0798,1120.49,44,CM ,LB ,18.42,4,R ,M ,W ,2,29,00:00.0,NULL,NULL,01:36.8
801,"Road-550-W Yellow, 48",BK-R64Y-48,1,1,Yellow,100,75,713.0798,1120.49,48,CM ,LB ,18.68,4,R ,M ,W ,2,29,00:00.0,NULL,NULL,01:36.8
802,LL Fork,FK-1639,1,1,NULL,500,375,65.8097,148.22,NULL,NULL,NULL,NULL,1,NULL,L ,NULL,10,104,00:00.0,00:00.0,NULL,01:36.8
803,ML Fork,FK-5136,1,1,NULL,500,375,77.9176,175.49,NULL,NULL,NULL,NULL,1,NULL,M ,NULL,10,105,00:00.0,00:00.0,NULL,01:36.8
804,HL Fork,FK-9939,1,1,NULL,500,375,101.8936,229.49,NULL,NULL,NULL,NULL,1,NULL,H ,NULL,10,106,00:00.0,00:00.0,NULL,01:36.8
805,LL Headset,HS-0296,1,1,NULL,500,375,15.1848,34.2,NULL,NULL,NULL,NULL,1,NULL,L ,NULL,11,59,00:00.0,00:00.0,NULL,01:36.8
806,ML Headset,HS-2451,1,1,NULL,500,375,45.4168,102.29,NULL,NULL,NULL,NULL,1,NULL,M ,NULL,11,60,00:00.0,00:00.0,NULL,01:36.8
807,HL Headset,HS-3479,1,1,NULL,500,375,55.3801,124.73,NULL,NULL,NULL,NULL,1,NULL,H ,NULL,11,61,00:00.0,00:00.0,NULL,01:36.8
808,LL Mountain Handlebars,HB-M243,1,1,NULL,500,375,19.7758,44.54,NULL,NULL,NULL,NULL,1,M ,L ,NULL,4,52,00:00.0,NULL,NULL,01:36.8
809,ML Mountain Handlebars,HB-M763,1,1,NULL,500,375,27.4925,61.92,NULL,NULL,NULL,NULL,1,M ,M ,NULL,4,54,00:00.0,NULL,NULL,01:36.8
810,HL Mountain Handlebars,HB-M918,1,1,NULL,500,375,53.3999,120.27,NULL,NULL,NULL,NULL,1,M ,H ,NULL,4,55,00:00.0,NULL,NULL,01:36.8
811,LL Road Handlebars,HB-R504,1,1,NULL,500,375,19.7758,44.54,NULL,NULL,NULL,NULL,1,R ,L ,NULL,4,56,00:00.0,NULL,NULL,01:36.8
812,ML Road Handlebars,HB-R720,1,1,NULL,500,375,27.4925,61.92,NULL,NULL,NULL,NULL,1,R ,M ,NULL,4,57,00:00.0,NULL,NULL,01:36.8
813,HL Road Handlebars,HB-R956,1,1,NULL,500,375,53.3999,120.27,NULL,NULL,NULL,NULL,1,R ,H ,NULL,4,58,00:00.0,NULL,NULL,01:36.8
814,"ML Mountain Frame - Black, 38",FR-M63B-38,1,1,Black,500,375,185.8193,348.76,38,CM ,LB ,2.73,2,M ,M ,U ,12,15,00:00.0,00:00.0,NULL,01:36.8
815,LL Mountain Front Wheel,FW-M423,1,1,Black,500,375,26.9708,60.745,NULL,NULL,NULL,NULL,1,M ,L ,NULL,17,42,00:00.0,00:00.0,NULL,01:36.8
816,ML Mountain Front Wheel,FW-M762,1,1,Black,500,375,92.8071,209.025,NULL,NULL,NULL,NULL,1,M ,M ,NULL,17,45,00:00.0,00:00.0,NULL,01:36.8
817,HL Mountain Front Wheel,FW-M928,1,1,Black,500,375,133.2955,300.215,NULL,NULL,NULL,NULL,1,M ,H ,NULL,17,46,00:00.0,00:00.0,NULL,01:36.8
818,LL Road Front Wheel,FW-R623,1,1,Black,500,375,37.9909,85.565,NULL,NULL,G  ,900,1,R ,L ,NULL,17,49,00:00.0,00:00.0,NULL,01:36.8
819,ML Road Front Wheel,FW-R762,1,1,Black,500,375,110.2829,248.385,NULL,NULL,G  ,850,1,R ,M ,NULL,17,50,00:00.0,00:00.0,NULL,01:36.8
820,HL Road Front Wheel,FW-R820,1,1,Black,500,375,146.5466,330.06,NULL,NULL,G  ,650,1,R ,H ,NULL,17,51,00:00.0,00:00.0,NULL,01:36.8
821,Touring Front Wheel,FW-T905,1,1,Black,500,375,96.7964,218.01,NULL,NULL,NULL,NULL,1,T ,NULL,NULL,17,44,00:00.0,00:00.0,NULL,01:36.8
822,"ML Road Frame-W - Yellow, 38",FR-R72Y-38,1,1,Yellow,500,375,360.9428,594.83,38,CM ,LB ,2.18,2,R ,M ,W ,14,17,00:00.0,NULL,NULL,01:36.8
823,LL Mountain Rear Wheel,RW-M423,1,1,Black,500,375,38.9588,87.745,NULL,NULL,NULL,NULL,1,M ,L ,NULL,17,123,00:00.0,00:00.0,NULL,01:36.8
824,ML Mountain Rear Wheel,RW-M762,1,1,Black,500,375,104.7951,236.025,NULL,NULL,NULL,NULL,1,M ,M ,NULL,17,124,00:00.0,00:00.0,NULL,01:36.8
825,HL Mountain Rear Wheel,RW-M928,1,1,Black,500,375,145.2835,327.215,NULL,NULL,NULL,NULL,1,M ,H ,NULL,17,125,00:00.0,00:00.0,NULL,01:36.8
826,LL Road Rear Wheel,RW-R623,1,1,Black,500,375,49.9789,112.565,NULL,NULL,G  ,1050,1,R ,L ,NULL,17,126,00:00.0,00:00.0,NULL,01:36.8
827,ML Road Rear Wheel,RW-R762,1,1,Black,500,375,122.2709,275.385,NULL,NULL,G  ,1000,1,R ,M ,NULL,17,77,00:00.0,00:00.0,NULL,01:36.8
828,HL Road Rear Wheel,RW-R820,1,1,Black,500,375,158.5346,357.06,NULL,NULL,G  ,890,1,R ,H ,NULL,17,78,00:00.0,00:00.0,NULL,01:36.8
829,Touring Rear Wheel,RW-T905,1,1,Black,500,375,108.7844,245.01,NULL,NULL,NULL,NULL,1,T ,NULL,NULL,17,43,00:00.0,00:00.0,NULL,01:36.8
830,"ML Mountain Frame - Black, 40",FR-M63B-40,1,1,Black,500,375,185.8193,348.76,40,CM ,LB ,2.77,1,M ,M ,U ,12,14,00:00.0,00:00.0,NULL,01:36.8
831,"ML Mountain Frame - Black, 44",FR-M63B-44,1,1,Black,500,375,185.8193,348.76,44,CM ,LB ,2.81,1,M ,M ,U ,12,14,00:00.0,00:00.0,NULL,01:36.8
832,"ML Mountain Frame - Black, 48",FR-M63B-48,1,1,Black,500,375,185.8193,348.76,48,CM ,LB ,2.85,1,M ,M ,U ,12,14,00:00.0,00:00.0,NULL,01:36.8
833,"ML Road Frame-W - Yellow, 40",FR-R72Y-40,1,1,Yellow,500,375,360.9428,594.83,40,CM ,LB ,2.22,1,R ,M ,W ,14,17,00:00.0,NULL,NULL,01:36.8
834,"ML Road Frame-W - Yellow, 42",FR-R72Y-42,1,1,Yellow,500,375,360.9428,594.83,42,CM ,LB ,2.26,1,R ,M ,W ,14,17,00:00.0,NULL,NULL,01:36.8
835,"ML Road Frame-W - Yellow, 44",FR-R72Y-44,1,1,Yellow,500,375,360.9428,594.83,44,CM ,LB ,2.3,1,R ,M ,W ,14,17,00:00.0,NULL,NULL,01:36.8
836,"ML Road Frame-W - Yellow, 48",FR-R72Y-48,1,1,Yellow,500,375,360.9428,594.83,48,CM ,LB ,2.34,1,R ,M ,W ,14,17,00:00.0,NULL,NULL,01:36.8
837,"HL Road Frame - Black, 62",FR-R92B-62,1,1,Black,500,375,868.6342,1431.5,62,CM ,LB ,2.3,1,R ,H ,U ,14,6,00:00.0,NULL,NULL,01:36.8
838,"HL Road Frame - Black, 44",FR-R92B-44,1,1,Black,500,375,868.6342,1431.5,44,CM ,LB ,2.12,1,R ,H ,U ,14,6,00:00.0,NULL,NULL,01:36.8
839,"HL Road Frame - Black, 48",FR-R92B-48,1,1,Black,500,375,868.6342,1431.5,48,CM ,LB ,2.16,1,R ,H ,U ,14,6,00:00.0,NULL,NULL,01:36.8
840,"HL Road Frame - Black, 52",FR-R92B-52,1,1,Black,500,375,868.6342,1431.5,52,CM ,LB ,2.2,1,R ,H ,U ,14,6,00:00.0,NULL,NULL,01:36.8
841,"Men's Sports Shorts, S",SH-M897-S,0,1,Black,4,3,24.7459,59.99,S,NULL,NULL,NULL,0,S ,NULL,M ,22,13,00:00.0,00:00.0,NULL,01:36.8
842,"Touring-Panniers, Large",PA-T100,0,1,Grey,4,3,51.5625,125,NULL,NULL,NULL,NULL,0,T ,NULL,NULL,35,120,00:00.0,00:00.0,NULL,01:36.8
843,Cable Lock,LO-C100,0,1,NULL,4,3,10.3125,25,NULL,NULL,NULL,NULL,0,S ,NULL,NULL,34,115,00:00.0,00:00.0,NULL,01:36.8
844,Minipump,PU-0452,0,1,NULL,4,3,8.2459,19.99,NULL,NULL,NULL,NULL,0,S ,NULL,NULL,36,116,00:00.0,00:00.0,NULL,01:36.8
845,Mountain Pump,PU-M044,0,1,NULL,4,3,10.3084,24.99,NULL,NULL,NULL,NULL,0,M ,NULL,NULL,36,117,00:00.0,00:00.0,NULL,01:36.8
846,Taillights - Battery-Powered,LT-T990,0,1,NULL,4,3,5.7709,13.99,NULL,NULL,NULL,NULL,0,R ,NULL,NULL,33,108,00:00.0,00:00.0,NULL,01:36.8
847,Headlights - Dual-Beam,LT-H902,0,1,NULL,4,3,14.4334,34.99,NULL,NULL,NULL,NULL,0,R ,NULL,NULL,33,109,00:00.0,00:00.0,NULL,01:36.8
848,Headlights - Weatherproof,LT-H903,0,1,NULL,4,3,18.5584,44.99,NULL,NULL,NULL,NULL,0,R ,NULL,NULL,33,110,00:00.0,00:00.0,NULL,01:36.8
849,"Men's Sports Shorts, M",SH-M897-M,0,1,Black,4,3,24.7459,59.99,M,NULL,NULL,NULL,0,S ,NULL,M ,22,13,00:00.0,00:00.0,NULL,01:36.8
850,"Men's Sports Shorts, L",SH-M897-L,0,1,Black,4,3,24.7459,59.99,L,NULL,NULL,NULL,0,S ,NULL,M ,22,13,00:00.0,00:00.0,NULL,01:36.8
851,"Men's Sports Shorts, XL",SH-M897-X,0,1,Black,4,3,24.7459,59.99,XL,NULL,NULL,NULL,0,S ,NULL,M ,22,13,00:00.0,00:00.0,NULL,01:36.8
852,"Women's Tights, S",TG-W091-S,0,1,Black,4,3,30.9334,74.99,S,NULL,NULL,NULL,0,S ,NULL,W ,24,38,00:00.0,00:00.0,NULL,01:36.8
853,"Women's Tights, M",TG-W091-M,0,1,Black,4,3,30.9334,74.99,M,NULL,NULL,NULL,0,S ,NULL,W ,24,38,00:00.0,00:00.0,NULL,01:36.8
854,"Women's Tights, L",TG-W091-L,0,1,Black,4,3,30.9334,74.99,L,NULL,NULL,NULL,0,S ,NULL,W ,24,38,00:00.0,00:00.0,NULL,01:36.8
855,"Men's Bib-Shorts, S",SB-M891-S,0,1,Multi,4,3,37.1209,89.99,S,NULL,NULL,NULL,0,S ,NULL,M ,18,12,00:00.0,00:00.0,NULL,01:36.8
856,"Men's Bib-Shorts, M",SB-M891-M,0,1,Multi,4,3,37.1209,89.99,M,NULL,NULL,NULL,0,S ,NULL,M ,18,12,00:00.0,00:00.0,NULL,01:36.8
857,"Men's Bib-Shorts, L",SB-M891-L,0,1,Multi,4,3,37.1209,89.99,L,NULL,NULL,NULL,0,S ,NULL,M ,18,12,00:00.0,00:00.0,NULL,01:36.8
858,"Half-Finger Gloves, S",GL-H102-S,0,1,Black,4,3,9.1593,24.49,S,NULL,NULL,NULL,0,S ,NULL,U ,20,4,00:00.0,NULL,NULL,01:36.8
859,"Half-Finger Gloves, M",GL-H102-M,0,1,Black,4,3,9.1593,24.49,M,NULL,NULL,NULL,0,S ,NULL,U ,20,4,00:00.0,NULL,NULL,01:36.8
860,"Half-Finger Gloves, L",GL-H102-L,0,1,Black,4,3,9.1593,24.49,L,NULL,NULL,NULL,0,S ,NULL,U ,20,4,00:00.0,NULL,NULL,01:36.8
861,"Full-Finger Gloves, S",GL-F110-S,0,1,Black,4,3,15.6709,37.99,S,NULL,NULL,NULL,0,M ,NULL,U ,20,3,00:00.0,00:00.0,NULL,01:36.8
862,"Full-Finger Gloves, M",GL-F110-M,0,1,Black,4,3,15.6709,37.99,M,NULL,NULL,NULL,0,M ,NULL,U ,20,3,00:00.0,00:00.0,NULL,01:36.8
863,"Full-Finger Gloves, L",GL-F110-L,0,1,Black,4,3,15.6709,37.99,L,NULL,NULL,NULL,0,M ,NULL,U ,20,3,00:00.0,00:00.0,NULL,01:36.8
864,"Classic Vest, S",VE-C304-S,0,1,Blue,4,3,23.749,63.5,S,NULL,NULL,NULL,0,S ,NULL,U ,25,1,00:00.0,NULL,NULL,01:36.8
865,"Classic Vest, M",VE-C304-M,0,1,Blue,4,3,23.749,63.5,M,NULL,NULL,NULL,0,S ,NULL,U ,25,1,00:00.0,NULL,NULL,01:36.8
866,"Classic Vest, L",VE-C304-L,0,1,Blue,4,3,23.749,63.5,L,NULL,NULL,NULL,0,S ,NULL,U ,25,1,00:00.0,NULL,NULL,01:36.8
867,"Women's Mountain Shorts, S",SH-W890-S,0,1,Black,4,3,26.1763,69.99,S,NULL,NULL,NULL,0,M ,NULL,W ,22,37,00:00.0,NULL,NULL,01:36.8
868,"Women's Mountain Shorts, M",SH-W890-M,0,1,Black,4,3,26.1763,69.99,M,NULL,NULL,NULL,0,M ,NULL,W ,22,37,00:00.0,NULL,NULL,01:36.8
869,"Women's Mountain Shorts, L",SH-W890-L,0,1,Black,4,3,26.1763,69.99,L,NULL,NULL,NULL,0,M ,NULL,W ,22,37,00:00.0,NULL,NULL,01:36.8
870,Water Bottle - 30 oz.,WB-H098,0,1,NULL,4,3,1.8663,4.99,NULL,NULL,NULL,NULL,0,S ,NULL,NULL,28,111,00:00.0,NULL,NULL,01:36.8
871,Mountain Bottle Cage,BC-M005,0,1,NULL,4,3,3.7363,9.99,NULL,NULL,NULL,NULL,0,M ,NULL,NULL,28,112,00:00.0,NULL,NULL,01:36.8
872,Road Bottle Cage,BC-R205,0,1,NULL,4,3,3.3623,8.99,NULL,NULL,NULL,NULL,0,R ,NULL,NULL,28,113,00:00.0,NULL,NULL,01:36.8
873,Patch Kit/8 Patches,PK-7098,0,1,NULL,4,3,0.8565,2.29,NULL,NULL,NULL,NULL,0,S ,NULL,NULL,37,114,00:00.0,NULL,NULL,01:36.8
874,"Racing Socks, M",SO-R809-M,0,1,White,4,3,3.3623,8.99,M,NULL,NULL,NULL,0,R ,NULL,U ,23,24,00:00.0,NULL,NULL,01:36.8
875,"Racing Socks, L",SO-R809-L,0,1,White,4,3,3.3623,8.99,L,NULL,NULL,NULL,0,R ,NULL,U ,23,24,00:00.0,NULL,NULL,01:36.8
876,Hitch Rack - 4-Bike,RA-H123,0,1,NULL,4,3,44.88,120,NULL,NULL,NULL,NULL,0,S ,NULL,NULL,26,118,00:00.0,NULL,NULL,01:36.8
877,Bike Wash - Dissolver,CL-9009,0,1,NULL,4,3,2.9733,7.95,NULL,NULL,NULL,NULL,0,S ,NULL,NULL,29,119,00:00.0,NULL,NULL,01:36.8
878,Fender Set - Mountain,FE-6654,0,1,NULL,4,3,8.2205,21.98,NULL,NULL,NULL,NULL,0,M ,NULL,NULL,30,121,00:00.0,NULL,NULL,01:36.8
879,All-Purpose Bike Stand,ST-1401,0,1,NULL,4,3,59.466,159,NULL,NULL,NULL,NULL,0,M ,NULL,NULL,27,122,00:00.0,NULL,NULL,01:36.8
880,Hydration Pack - 70 oz.,HY-1023-70,0,1,Silver,4,3,20.5663,54.99,70,NULL,NULL,NULL,0,S ,NULL,NULL,32,107,00:00.0,NULL,NULL,01:36.8
881,"Short-Sleeve Classic Jersey, S",SJ-0194-S,0,1,Yellow,4,3,41.5723,53.99,S,NULL,NULL,NULL,0,S ,NULL,U ,21,32,00:00.0,NULL,NULL,01:36.8
882,"Short-Sleeve Classic Jersey, M",SJ-0194-M,0,1,Yellow,4,3,41.5723,53.99,M,NULL,NULL,NULL,0,S ,NULL,U ,21,32,00:00.0,NULL,NULL,01:36.8
883,"Short-Sleeve Classic Jersey, L",SJ-0194-L,0,1,Yellow,4,3,41.5723,53.99,L,NULL,NULL,NULL,0,S ,NULL,U ,21,32,00:00.0,NULL,NULL,01:36.8
884,"Short-Sleeve Classic Jersey, XL",SJ-0194-X,0,1,Yellow,4,3,41.5723,53.99,XL,NULL,NULL,NULL,0,S ,NULL,U ,21,32,00:00.0,NULL,NULL,01:36.8
885,"HL Touring Frame - Yellow, 60",FR-T98Y-60,1,1,Yellow,500,375,601.7437,1003.91,60,CM ,LB ,3.08,1,T ,H ,U ,16,7,00:00.0,NULL,NULL,01:36.8
886,"LL Touring Frame - Yellow, 62",FR-T67Y-62,1,1,Yellow,500,375,199.8519,333.42,62,CM ,LB ,3.2,1,T ,L ,U ,16,10,00:00.0,NULL,NULL,01:36.8
887,"HL Touring Frame - Yellow, 46",FR-T98Y-46,1,1,Yellow,500,375,601.7437,1003.91,46,CM ,LB ,2.96,1,T ,H ,U ,16,7,00:00.0,NULL,NULL,01:36.8
888,"HL Touring Frame - Yellow, 50",FR-T98Y-50,1,1,Yellow,500,375,601.7437,1003.91,50,CM ,LB ,3,1,T ,H ,U ,16,7,00:00.0,NULL,NULL,01:36.8
889,"HL Touring Frame - Yellow, 54",FR-T98Y-54,1,1,Yellow,500,375,601.7437,1003.91,54,CM ,LB ,3.04,1,T ,H ,U ,16,7,00:00.0,NULL,NULL,01:36.8
890,"HL Touring Frame - Blue, 46",FR-T98U-46,1,1,Blue,500,375,601.7437,1003.91,46,CM ,LB ,2.96,1,T ,H ,U ,16,7,00:00.0,NULL,NULL,01:36.8
891,"HL Touring Frame - Blue, 50",FR-T98U-50,1,1,Blue,500,375,601.7437,1003.91,50,CM ,LB ,3,1,T ,H ,U ,16,7,00:00.0,NULL,NULL,01:36.8
892,"HL Touring Frame - Blue, 54",FR-T98U-54,1,1,Blue,500,375,601.7437,1003.91,54,CM ,LB ,3.04,1,T ,H ,U ,16,7,00:00.0,NULL,NULL,01:36.8
893,"HL Touring Frame - Blue, 60",FR-T98U-60,1,1,Blue,500,375,601.7437,1003.91,60,CM ,LB ,3.08,1,T ,H ,U ,16,7,00:00.0,NULL,NULL,01:36.8
894,Rear Derailleur,RD-2308,1,1,Silver,500,375,53.9282,121.46,NULL,NULL,G  ,215,1,NULL,NULL,NULL,9,127,00:00.0,NULL,NULL,01:36.8
895,"LL Touring Frame - Blue, 50",FR-T67U-50,1,1,Blue,500,375,199.8519,333.42,50,CM ,LB ,3.1,1,T ,L ,U ,16,10,00:00.0,NULL,NULL,01:36.8
896,"LL Touring Frame - Blue, 54",FR-T67U-54,1,1,Blue,500,375,199.8519,333.42,54,CM ,LB ,3.14,1,T ,L ,U ,16,10,00:00.0,NULL,NULL,01:36.8
897,"LL Touring Frame - Blue, 58",FR-T67U-58,1,1,Blue,500,375,199.8519,333.42,58,CM ,LB ,3.16,1,T ,L ,U ,16,10,00:00.0,NULL,NULL,01:36.8
898,"LL Touring Frame - Blue, 62",FR-T67U-62,1,1,Blue,500,375,199.8519,333.42,62,CM ,LB ,3.2,1,T ,L ,U ,16,10,00:00.0,NULL,NULL,01:36.8
899,"LL Touring Frame - Yellow, 44",FR-T67Y-44,1,1,Yellow,500,375,199.8519,333.42,44,CM ,LB ,3.02,1,T ,L ,U ,16,10,00:00.0,NULL,NULL,01:36.8
900,"LL Touring Frame - Yellow, 50",FR-T67Y-50,1,1,Yellow,500,375,199.8519,333.42,50,CM ,LB ,3.1,1,T ,L ,U ,16,10,00:00.0,NULL,NULL,01:36.8
901,"LL Touring Frame - Yellow, 54",FR-T67Y-54,1,1,Yellow,500,375,199.8519,333.42,54,CM ,LB ,3.14,1,T ,L ,U ,16,10,00:00.0,NULL,NULL,01:36.8
902,"LL Touring Frame - Yellow, 58",FR-T67Y-58,1,1,Yellow,500,375,199.8519,333.42,58,CM ,LB ,3.16,1,T ,L ,U ,16,10,00:00.0,NULL,NULL,01:36.8
903,"LL Touring Frame - Blue, 44",FR-T67U-44,1,1,Blue,500,375,199.8519,333.42,44,CM ,LB ,3.02,1,T ,L ,U ,16,10,00:00.0,NULL,NULL,01:36.8
904,"ML Mountain Frame-W - Silver, 40",FR-M63S-40,1,1,Silver,500,375,199.3757,364.09,40,CM ,LB ,2.77,1,M ,M ,W ,12,15,00:00.0,NULL,NULL,01:36.8
905,"ML Mountain Frame-W - Silver, 42",FR-M63S-42,1,1,Silver,500,375,199.3757,364.09,42,CM ,LB ,2.81,1,M ,M ,W ,12,15,00:00.0,NULL,NULL,01:36.8
906,"ML Mountain Frame-W - Silver, 46",FR-M63S-46,1,1,Silver,500,375,199.3757,364.09,46,CM ,LB ,2.85,1,M ,M ,W ,12,15,00:00.0,NULL,NULL,01:36.8
907,Rear Brakes,RB-9231,0,1,Silver,500,375,47.286,106.5,NULL,NULL,G  ,317,1,NULL,NULL,NULL,6,128,00:00.0,NULL,NULL,01:36.8
908,LL Mountain Seat/Saddle,SE-M236,0,1,NULL,500,375,12.0413,27.12,NULL,NULL,NULL,NULL,1,M ,L ,NULL,15,79,00:00.0,NULL,NULL,01:36.8
909,ML Mountain Seat/Saddle,SE-M798,0,1,NULL,500,375,17.3782,39.14,NULL,NULL,NULL,NULL,1,M ,M ,NULL,15,80,00:00.0,NULL,NULL,01:36.8
910,HL Mountain Seat/Saddle,SE-M940,0,1,NULL,500,375,23.3722,52.64,NULL,NULL,NULL,NULL,1,M ,H ,NULL,15,81,00:00.0,NULL,NULL,01:36.8
911,LL Road Seat/Saddle,SE-R581,0,1,NULL,500,375,12.0413,27.12,NULL,NULL,NULL,NULL,1,R ,L ,NULL,15,82,00:00.0,NULL,NULL,01:36.8
912,ML Road Seat/Saddle,SE-R908,0,1,NULL,500,375,17.3782,39.14,NULL,NULL,NULL,NULL,1,T ,M ,NULL,15,83,00:00.0,NULL,NULL,01:36.8
913,HL Road Seat/Saddle,SE-R995,0,1,NULL,500,375,23.3722,52.64,NULL,NULL,NULL,NULL,1,R ,H ,NULL,15,84,00:00.0,NULL,NULL,01:36.8
914,LL Touring Seat/Saddle,SE-T312,0,1,NULL,500,375,12.0413,27.12,NULL,NULL,NULL,NULL,1,T ,L ,NULL,15,66,00:00.0,NULL,NULL,01:36.8
915,ML Touring Seat/Saddle,SE-T762,0,1,NULL,500,375,17.3782,39.14,NULL,NULL,NULL,NULL,1,T ,M ,NULL,15,65,00:00.0,NULL,NULL,01:36.8
916,HL Touring Seat/Saddle,SE-T924,0,1,NULL,500,375,23.3722,52.64,NULL,NULL,NULL,NULL,1,T ,H ,NULL,15,67,00:00.0,NULL,NULL,01:36.8
917,"LL Mountain Frame - Silver, 42",FR-M21S-42,1,1,Silver,500,375,144.5938,264.05,42,CM ,LB ,2.92,1,M ,L ,U ,12,8,00:00.0,NULL,NULL,01:36.8
918,"LL Mountain Frame - Silver, 44",FR-M21S-44,1,1,Silver,500,375,144.5938,264.05,44,CM ,LB ,2.96,1,M ,L ,U ,12,8,00:00.0,NULL,NULL,01:36.8
919,"LL Mountain Frame - Silver, 48",FR-M21S-48,1,1,Silver,500,375,144.5938,264.05,48,CM ,LB ,3,1,M ,L ,U ,12,8,00:00.0,NULL,NULL,01:36.8
920,"LL Mountain Frame - Silver, 52",FR-M21S-52,1,1,Silver,500,375,144.5938,264.05,52,CM ,LB ,3.04,1,M ,L ,U ,12,8,00:00.0,NULL,NULL,01:36.8
921,Mountain Tire Tube,TT-M928,0,1,NULL,500,375,1.8663,4.99,NULL,NULL,NULL,NULL,0,M ,NULL,NULL,37,92,00:00.0,NULL,NULL,01:36.8
922,Road Tire Tube,TT-R982,0,1,NULL,500,375,1.4923,3.99,NULL,NULL,NULL,NULL,0,R ,NULL,NULL,37,93,00:00.0,NULL,NULL,01:36.8
923,Touring Tire Tube,TT-T092,0,1,NULL,500,375,1.8663,4.99,NULL,NULL,NULL,NULL,0,T ,NULL,NULL,37,94,00:00.0,NULL,NULL,01:36.8
924,"LL Mountain Frame - Black, 42",FR-M21B-42,1,1,Black,500,375,136.785,249.79,42,CM ,LB ,2.92,1,M ,L ,U ,12,8,00:00.0,NULL,NULL,01:36.8
925,"LL Mountain Frame - Black, 44",FR-M21B-44,1,1,Black,500,375,136.785,249.79,44,CM ,LB ,2.96,1,M ,L ,U ,12,8,00:00.0,NULL,NULL,01:36.8
926,"LL Mountain Frame - Black, 48",FR-M21B-48,1,1,Black,500,375,136.785,249.79,48,CM ,LB ,3,1,M ,L ,U ,12,8,00:00.0,NULL,NULL,01:36.8
927,"LL Mountain Frame - Black, 52",FR-M21B-52,1,1,Black,500,375,136.785,249.79,52,CM ,LB ,3.04,1,M ,L ,U ,12,8,00:00.0,NULL,NULL,01:36.8
928,LL Mountain Tire,TI-M267,0,1,NULL,500,375,9.3463,24.99,NULL,NULL,NULL,NULL,0,M ,L ,NULL,37,85,00:00.0,NULL,NULL,01:36.8
929,ML Mountain Tire,TI-M602,0,1,NULL,500,375,11.2163,29.99,NULL,NULL,NULL,NULL,0,M ,M ,NULL,37,86,00:00.0,NULL,NULL,01:36.8
930,HL Mountain Tire,TI-M823,0,1,NULL,500,375,13.09,35,NULL,NULL,NULL,NULL,0,M ,H ,NULL,37,87,00:00.0,NULL,NULL,01:36.8
931,LL Road Tire,TI-R092,0,1,NULL,500,375,8.0373,21.49,NULL,NULL,NULL,NULL,0,R ,L ,NULL,37,88,00:00.0,NULL,NULL,01:36.8
932,ML Road Tire,TI-R628,0,1,NULL,500,375,9.3463,24.99,NULL,NULL,NULL,NULL,0,R ,M ,NULL,37,89,00:00.0,NULL,NULL,01:36.8
933,HL Road Tire,TI-R982,0,1,NULL,500,375,12.1924,32.6,NULL,NULL,NULL,NULL,0,R ,H ,NULL,37,90,00:00.0,NULL,NULL,01:36.8
934,Touring Tire,TI-T723,0,1,NULL,500,375,10.8423,28.99,NULL,NULL,NULL,NULL,0,T ,NULL,NULL,37,91,00:00.0,NULL,NULL,01:36.8
935,LL Mountain Pedal,PD-M282,0,1,Silver/Black,500,375,17.9776,40.49,NULL,NULL,G  ,218,1,M ,L ,NULL,13,62,00:00.0,NULL,NULL,01:36.8
936,ML Mountain Pedal,PD-M340,0,1,Silver/Black,500,375,27.568,62.09,NULL,NULL,G  ,215,1,M ,M ,NULL,13,63,00:00.0,NULL,NULL,01:36.8
937,HL Mountain Pedal,PD-M562,0,1,Silver/Black,500,375,35.9596,80.99,NULL,NULL,G  ,185,1,M ,H ,NULL,13,64,00:00.0,NULL,NULL,01:36.8
938,LL Road Pedal,PD-R347,0,1,Silver/Black,500,375,17.9776,40.49,NULL,NULL,G  ,189,1,R ,L ,NULL,13,68,00:00.0,NULL,NULL,01:36.8
939,ML Road Pedal,PD-R563,0,1,Silver/Black,500,375,27.568,62.09,NULL,NULL,G  ,168,1,R ,M ,NULL,13,69,00:00.0,NULL,NULL,01:36.8
940,HL Road Pedal,PD-R853,0,1,Silver/Black,500,375,35.9596,80.99,NULL,NULL,G  ,149,1,R ,H ,NULL,13,70,00:00.0,NULL,NULL,03:55.5
941,Touring Pedal,PD-T852,0,1,Silver/Black,500,375,35.9596,80.99,NULL,NULL,NULL,NULL,1,T ,NULL,NULL,13,53,00:00.0,NULL,NULL,01:36.8
942,"ML Mountain Frame-W - Silver, 38",FR-M63S-38,1,1,Silver,500,375,199.3757,364.09,38,CM ,LB ,2.73,2,M ,M ,W ,12,15,00:00.0,NULL,NULL,01:36.8
943,"LL Mountain Frame - Black, 40",FR-M21B-40,1,1,Black,500,375,136.785,249.79,40,CM ,LB ,2.88,2,M ,L ,U ,12,8,00:00.0,NULL,NULL,01:36.8
944,"LL Mountain Frame - Silver, 40",FR-M21S-40,1,1,Silver,500,375,144.5938,264.05,40,CM ,LB ,2.88,2,M ,L ,U ,12,8,00:00.0,NULL,NULL,01:36.8
945,Front Derailleur,FD-2342,1,1,Silver,500,375,40.6216,91.49,NULL,NULL,G  ,88,1,NULL,NULL,NULL,9,103,00:00.0,NULL,NULL,01:36.8
946,LL Touring Handlebars,HB-T721,1,1,NULL,500,375,20.464,46.09,NULL,NULL,NULL,NULL,1,T ,L ,NULL,4,47,00:00.0,NULL,NULL,01:36.8
947,HL Touring Handlebars,HB-T928,1,1,NULL,500,375,40.6571,91.57,NULL,NULL,NULL,NULL,1,T ,H ,NULL,4,48,00:00.0,NULL,NULL,01:36.8
948,Front Brakes,FB-9873,0,1,Silver,500,375,47.286,106.5,NULL,NULL,G  ,317,1,NULL,NULL,NULL,6,102,00:00.0,NULL,NULL,01:36.8
949,LL Crankset,CS-4759,1,1,Black,500,375,77.9176,175.49,NULL,NULL,G  ,600,1,NULL,L ,NULL,8,99,00:00.0,NULL,NULL,01:36.8
950,ML Crankset,CS-6583,1,1,Black,500,375,113.8816,256.49,NULL,NULL,G  ,635,1,NULL,M ,NULL,8,100,00:00.0,NULL,NULL,01:36.8
951,HL Crankset,CS-9183,1,1,Black,500,375,179.8156,404.99,NULL,NULL,G  ,575,1,NULL,H ,NULL,8,101,00:00.0,NULL,NULL,01:36.8
952,Chain,CH-0234,0,1,Silver,500,375,8.9866,20.24,NULL,NULL,NULL,NULL,1,NULL,NULL,NULL,7,98,00:00.0,NULL,NULL,01:36.8
953,"Touring-2000 Blue, 60",BK-T44U-60,1,1,Blue,100,75,755.1508,1214.85,60,CM ,LB ,27.9,4,T ,M ,U ,3,35,00:00.0,NULL,NULL,01:36.8
954,"Touring-1000 Yellow, 46",BK-T79Y-46,1,1,Yellow,100,75,1481.9379,2384.07,46,CM ,LB ,25.13,4,T ,H ,U ,3,34,00:00.0,NULL,NULL,01:36.8
955,"Touring-1000 Yellow, 50",BK-T79Y-50,1,1,Yellow,100,75,1481.9379,2384.07,50,CM ,LB ,25.42,4,T ,H ,U ,3,34,00:00.0,NULL,NULL,01:36.8
956,"Touring-1000 Yellow, 54",BK-T79Y-54,1,1,Yellow,100,75,1481.9379,2384.07,54,CM ,LB ,25.68,4,T ,H ,U ,3,34,00:00.0,NULL,NULL,01:36.8
957,"Touring-1000 Yellow, 60",BK-T79Y-60,1,1,Yellow,100,75,1481.9379,2384.07,60,CM ,LB ,25.9,4,T ,H ,U ,3,34,00:00.0,NULL,NULL,01:36.8
958,"Touring-3000 Blue, 54",BK-T18U-54,1,1,Blue,100,75,461.4448,742.35,54,CM ,LB ,29.68,4,T ,L ,U ,3,36,00:00.0,NULL,NULL,01:36.8
959,"Touring-3000 Blue, 58",BK-T18U-58,1,1,Blue,100,75,461.4448,742.35,58,CM ,LB ,29.9,4,T ,L ,U ,3,36,00:00.0,NULL,NULL,01:36.8
960,"Touring-3000 Blue, 62",BK-T18U-62,1,1,Blue,100,75,461.4448,742.35,62,CM ,LB ,30,4,T ,L ,U ,3,36,00:00.0,NULL,NULL,01:36.8
961,"Touring-3000 Yellow, 44",BK-T18Y-44,1,1,Yellow,100,75,461.4448,742.35,44,CM ,LB ,28.77,4,T ,L ,U ,3,36,00:00.0,NULL,NULL,01:36.8
962,"Touring-3000 Yellow, 50",BK-T18Y-50,1,1,Yellow,100,75,461.4448,742.35,50,CM ,LB ,29.13,4,T ,L ,U ,3,36,00:00.0,NULL,NULL,01:36.8
963,"Touring-3000 Yellow, 54",BK-T18Y-54,1,1,Yellow,100,75,461.4448,742.35,54,CM ,LB ,29.42,4,T ,L ,U ,3,36,00:00.0,NULL,NULL,01:36.8
964,"Touring-3000 Yellow, 58",BK-T18Y-58,1,1,Yellow,100,75,461.4448,742.35,58,CM ,LB ,29.79,4,T ,L ,U ,3,36,00:00.0,NULL,NULL,01:36.8
965,"Touring-3000 Yellow, 62",BK-T18Y-62,1,1,Yellow,100,75,461.4448,742.35,62,CM ,LB ,30,4,T ,L ,U ,3,36,00:00.0,NULL,NULL,01:36.8
966,"Touring-1000 Blue, 46",BK-T79U-46,1,1,Blue,100,75,1481.9379,2384.07,46,CM ,LB ,25.13,4,T ,H ,U ,3,34,00:00.0,NULL,NULL,01:36.8
967,"Touring-1000 Blue, 50",BK-T79U-50,1,1,Blue,100,75,1481.9379,2384.07,50,CM ,LB ,25.42,4,T ,H ,U ,3,34,00:00.0,NULL,NULL,01:36.8
968,"Touring-1000 Blue, 54",BK-T79U-54,1,1,Blue,100,75,1481.9379,2384.07,54,CM ,LB ,25.68,4,T ,H ,U ,3,34,00:00.0,NULL,NULL,01:36.8
969,"Touring-1000 Blue, 60",BK-T79U-60,1,1,Blue,100,75,1481.9379,2384.07,60,CM ,LB ,25.9,4,T ,H ,U ,3,34,00:00.0,NULL,NULL,01:36.8
970,"Touring-2000 Blue, 46",BK-T44U-46,1,1,Blue,100,75,755.1508,1214.85,46,CM ,LB ,27.13,4,T ,M ,U ,3,35,00:00.0,NULL,NULL,01:36.8
971,"Touring-2000 Blue, 50",BK-T44U-50,1,1,Blue,100,75,755.1508,1214.85,50,CM ,LB ,27.42,4,T ,M ,U ,3,35,00:00.0,NULL,NULL,01:36.8
972,"Touring-2000 Blue, 54",BK-T44U-54,1,1,Blue,100,75,755.1508,1214.85,54,CM ,LB ,27.68,4,T ,M ,U ,3,35,00:00.0,NULL,NULL,01:36.8
973,"Road-350-W Yellow, 40",BK-R79Y-40,1,1,Yellow,100,75,1082.51,1700.99,40,CM ,LB ,15.35,4,R ,M ,W ,2,27,00:00.0,NULL,NULL,01:36.8
974,"Road-350-W Yellow, 42",BK-R79Y-42,1,1,Yellow,100,75,1082.51,1700.99,42,CM ,LB ,15.77,4,R ,M ,W ,2,27,00:00.0,NULL,NULL,01:36.8
975,"Road-350-W Yellow, 44",BK-R79Y-44,1,1,Yellow,100,75,1082.51,1700.99,44,CM ,LB ,16.13,4,R ,M ,W ,2,27,00:00.0,NULL,NULL,01:36.8
976,"Road-350-W Yellow, 48",BK-R79Y-48,1,1,Yellow,100,75,1082.51,1700.99,48,CM ,LB ,16.42,4,R ,M ,W ,2,27,00:00.0,NULL,NULL,01:36.8
977,"Road-750 Black, 58",BK-R19B-58,1,1,Black,100,75,343.6496,539.99,58,CM ,LB ,20.79,4,R ,L ,U ,2,31,00:00.0,NULL,NULL,01:36.8
978,"Touring-3000 Blue, 44",BK-T18U-44,1,1,Blue,100,75,461.4448,742.35,44,CM ,LB ,28.77,4,T ,L ,U ,3,36,00:00.0,NULL,NULL,01:36.8
979,"Touring-3000 Blue, 50",BK-T18U-50,1,1,Blue,100,75,461.4448,742.35,50,CM ,LB ,29.13,4,T ,L ,U ,3,36,00:00.0,NULL,NULL,01:36.8
980,"Mountain-400-W Silver, 38",BK-M38S-38,1,1,Silver,100,75,419.7784,769.49,38,CM ,LB ,26.35,4,M ,M ,W ,1,22,00:00.0,NULL,NULL,01:36.8
981,"Mountain-400-W Silver, 40",BK-M38S-40,1,1,Silver,100,75,419.7784,769.49,40,CM ,LB ,26.77,4,M ,M ,W ,1,22,00:00.0,NULL,NULL,01:36.8
982,"Mountain-400-W Silver, 42",BK-M38S-42,1,1,Silver,100,75,419.7784,769.49,42,CM ,LB ,27.13,4,M ,M ,W ,1,22,00:00.0,NULL,NULL,01:36.8
983,"Mountain-400-W Silver, 46",BK-M38S-46,1,1,Silver,100,75,419.7784,769.49,46,CM ,LB ,27.42,4,M ,M ,W ,1,22,00:00.0,NULL,NULL,01:36.8
984,"Mountain-500 Silver, 40",BK-M18S-40,1,1,Silver,100,75,308.2179,564.99,40,CM ,LB ,27.35,4,M ,L ,U ,1,23,00:00.0,NULL,NULL,01:36.8
985,"Mountain-500 Silver, 42",BK-M18S-42,1,1,Silver,100,75,308.2179,564.99,42,CM ,LB ,27.77,4,M ,L ,U ,1,23,00:00.0,NULL,NULL,01:36.8
986,"Mountain-500 Silver, 44",BK-M18S-44,1,1,Silver,100,75,308.2179,564.99,44,CM ,LB ,28.13,4,M ,L ,U ,1,23,00:00.0,NULL,NULL,01:36.8
987,"Mountain-500 Silver, 48",BK-M18S-48,1,1,Silver,100,75,308.2179,564.99,48,CM ,LB ,28.42,4,M ,L ,U ,1,23,00:00.0,NULL,NULL,01:36.8
988,"Mountain-500 Silver, 52",BK-M18S-52,1,1,Silver,100,75,308.2179,564.99,52,CM ,LB ,28.68,4,M ,L ,U ,1,23,00:00.0,NULL,NULL,01:36.8
989,"Mountain-500 Black, 40",BK-M18B-40,1,1,Black,100,75,294.5797,539.99,40,CM ,LB ,27.35,4,M ,L ,U ,1,23,00:00.0,NULL,NULL,01:36.8
990,"Mountain-500 Black, 42",BK-M18B-42,1,1,Black,100,75,294.5797,539.99,42,CM ,LB ,27.77,4,M ,L ,U ,1,23,00:00.0,NULL,NULL,01:36.8
991,"Mountain-500 Black, 44",BK-M18B-44,1,1,Black,100,75,294.5797,539.99,44,CM ,LB ,28.13,4,M ,L ,U ,1,23,00:00.0,NULL,NULL,01:36.8
992,"Mountain-500 Black, 48",BK-M18B-48,1,1,Black,100,75,294.5797,539.99,48,CM ,LB ,28.42,4,M ,L ,U ,1,23,00:00.0,NULL,NULL,01:36.8
993,"Mountain-500 Black, 52",BK-M18B-52,1,1,Black,100,75,294.5797,539.99,52,CM ,LB ,28.68,4,M ,L ,U ,1,23,00:00.0,NULL,NULL,01:36.8
994,LL Bottom Bracket,BB-7421,1,1,NULL,500,375,23.9716,53.99,NULL,NULL,G  ,223,1,NULL,L ,NULL,5,95,00:00.0,NULL,NULL,01:36.8
995,ML Bottom Bracket,BB-8107,1,1,NULL,500,375,44.9506,101.24,NULL,NULL,G  ,168,1,NULL,M ,NULL,5,96,00:00.0,NULL,NULL,01:36.8
996,HL Bottom Bracket,BB-9108,1,1,NULL,500,375,53.9416,121.49,NULL,NULL,G  ,170,1,NULL,H ,NULL,5,97,00:00.0,NULL,NULL,01:36.8
997,"Road-750 Black, 44",BK-R19B-44,1,1,Black,100,75,343.6496,539.99,44,CM ,LB ,19.77,4,R ,L ,U ,2,31,00:00.0,NULL,NULL,01:36.8
998,"Road-750 Black, 48",BK-R19B-48,1,1,Black,100,75,343.6496,539.99,48,CM ,LB ,20.13,4,R ,L ,U ,2,31,00:00.0,NULL,NULL,01:36.8
999,"Road-750 Black, 52",BK-R19B-52,1,1,Black,100,75,343.6496,539.99,52,CM ,LB ,20.42,4,R ,L ,U ,2,31,00:00.0,NULL,NULL,01:36.8
NULL,NULL,NULL,NULL,NULL,NULL,NULL,NULL,NULL,NULL,NULL,NULL,NULL,NULL,NULL,NULL,NULL,NULL,NULL,NULL,NULL,NULL,NULL,NULL
NULL,NULL,NULL,NULL,NULL,NULL,NULL,NULL,NULL,NULL,NULL,NULL,NULL,NULL,NULL,NULL,NULL,NULL,NULL,NULL,NULL,NULL,NULL,NULL
