CustomerID,PersonID,StoreID,TerritoryID,AccountNumber,BusinessEntityID,PersonType,NameStyle,Title,FirstName,MiddleName,LastName,Suffix
29484,291,292,5,AW00029484,291,SC,0,Mr.,Gustavo,NULL,Achong,NULL
29485,293,294,4,AW00029485,293,SC,0,Ms.,Catherine,R.,Abel,NULL
29486,295,296,3,AW00029486,295,SC,0,Ms.,Kim,NULL,Abercrombie,NULL
29487,297,298,2,AW00029487,297,SC,0,Sr.,Humberto,NULL,Acevedo,NULL
29488,299,300,9,AW00029488,299,SC,0,Sra.,Pilar,NULL,Ackerman,NULL
29489,301,302,4,AW00029489,301,SC,0,Ms.,Frances,B.,Adams,NULL
29490,303,304,1,AW00029490,303,SC,0,Ms.,Margaret,J.,Smith,NULL
29491,305,306,5,AW00029491,305,SC,0,Ms.,Carla,J.,Adams,NULL
29492,307,308,3,AW00029492,307,SC,0,Mr.,Jay,NULL,Adams,NULL
29493,309,310,5,AW00029493,309,SC,0,Mr.,Ronald,L.,Adina,NULL
29494,311,312,6,AW00029494,311,SC,0,Mr.,Samuel,N.,Agcaoili,NULL
29495,313,314,8,AW00029495,313,SC,0,Mr.,James,T.,Aguilar,Jr.
29496,315,316,4,AW00029496,315,SC,0,Mr.,Robert,E.,Ahlering,NULL
29497,317,318,1,AW00029497,317,SC,0,Mr.,François,NULL,Ferrier,NULL
29498,319,320,2,AW00029498,319,SC,0,Ms.,Kim,NULL,Akers,NULL
29499,323,324,6,AW00029499,323,SC,0,Ms.,Amy,E.,Alberts,NULL
29500,325,326,5,AW00029500,325,SC,0,Ms.,Anna,A.,Albright,NULL
29501,327,328,2,AW00029501,327,SC,0,Mr.,Milton,J.,Albury,NULL
29502,329,330,1,AW00029502,329,SC,0,Mr.,Paul,L.,Alcorn,NULL
29503,331,332,6,AW00029503,331,SC,0,Mr.,Gregory,F.,Alderson,NULL
29504,333,334,5,AW00029504,333,SC,0,Mr.,J. Phillip,L.,Alexander,NULL
29505,335,336,1,AW00029505,335,SC,0,Ms.,Michelle,NULL,Alexander,NULL
29506,337,338,4,AW00029506,337,SC,0,Mr.,Sean,P.,Jacobson,NULL
29507,339,340,5,AW00029507,339,SC,0,Ms.,Phyllis,A.,Allen,NULL
29508,341,342,4,AW00029508,341,SC,0,Mr.,Marvin,N.,Allen,NULL
29509,343,344,2,AW00029509,343,SC,0,Mr.,Michael,NULL,Allen,NULL
29510,345,346,6,AW00029510,345,SC,0,Mr.,Cecil,J.,Allison,NULL
29511,347,348,3,AW00029511,347,SC,0,Mr.,Oscar,L.,Alpuerto,NULL
29512,349,350,9,AW00029512,349,SC,0,Ms.,Sandra,J.,Altamirano,NULL
29513,351,352,5,AW00029513,351,SC,0,Ms.,Selena,R.,Alvarado,NULL
29514,353,354,5,AW00029514,353,SC,0,Mr.,Emilio,R.,Alvaro,NULL
29515,355,356,6,AW00029515,355,SC,0,Mr.,Maxwell,J.,Amland,NULL
29516,357,358,9,AW00029516,357,SC,0,Ms.,Mae,N.,Anderson,NULL
29517,359,360,3,AW00029517,359,SC,0,Ms.,Ramona,J.,Antrim,NULL
29518,361,362,5,AW00029518,361,SC,0,Ms.,Sabria,B.,Appelbaum,NULL
29519,363,364,5,AW00029519,363,SC,0,Ms.,Hannah,R.,Arakawa,NULL
29520,365,366,5,AW00029520,365,SC,0,Ms.,Kyley,J.,Arbelaez,NULL
29521,367,368,1,AW00029521,367,SC,0,Mr.,Tom,H,Johnston,NULL
29522,369,370,4,AW00029522,369,SC,0,Mr.,Thomas,B.,Armstrong,Jr.
29523,371,372,4,AW00029523,371,SC,0,Mr.,John,NULL,Arthur,NULL
29524,373,374,3,AW00029524,373,SC,0,Mr.,Chris,NULL,Ashton,NULL
29525,375,376,4,AW00029525,375,SC,0,Ms.,Teresa,NULL,Atkinson,NULL
29526,377,378,8,AW00029526,377,SC,0,Mr.,John,P.,Ault,NULL
29527,379,380,6,AW00029527,379,SC,0,Mr.,Robert,A.,Avalos,NULL
29528,381,382,3,AW00029528,381,SC,0,Mr.,Stephen,M.,Ayers,NULL
29529,383,384,9,AW00029529,383,SC,0,Mr.,Phillip,M.,Bacalzo,NULL
29530,385,386,6,AW00029530,385,SC,0,Mr.,Daniel,NULL,Blanco,NULL
29531,387,388,1,AW00029531,387,SC,0,Mr.,Cory,K.,Booth,NULL
29532,389,390,1,AW00029532,389,SC,0,Mr.,James,B.,Bailey,Jr.
29533,391,392,3,AW00029533,391,SC,0,Mr.,Douglas,A.,Baldwin,Jr.
29534,393,394,5,AW00029534,393,SC,0,Ms.,Jennifer,B.,Bales,NULL
29535,397,398,4,AW00029535,397,SC,0,Mr.,Wayne,N.,Banack,NULL
29536,405,406,3,AW00029536,405,SC,0,Mr.,Robert,L.,Barker,NULL
29537,407,408,9,AW00029537,407,SC,0,Ms.,Rebecca,R.,Barley,NULL
29538,409,410,9,AW00029538,409,SC,0,Ms.,Brenda,L.,Barlow,NULL
29539,411,412,6,AW00029539,411,SC,0,Mr.,Josh,NULL,Barnhill,NULL
29540,413,414,5,AW00029540,413,SC,0,Mr.,Adam,NULL,Barr,NULL
29541,417,418,6,AW00029541,417,SC,0,NULL,Gytis,M,Barzdukas,NULL
29542,419,420,8,AW00029542,419,SC,0,Mr.,David,M.,Bartness,NULL
29543,421,422,2,AW00029543,421,SC,0,Ms.,Karel,E.,Bates,NULL
29544,427,428,6,AW00029544,427,SC,0,Mr.,Shaun,NULL,Beasley,NULL
29545,429,430,1,AW00029545,429,SC,0,Mr.,John,A.,Beaver,NULL
29546,431,432,10,AW00029546,431,SC,0,Mr.,Christopher,R.,Beck,Jr.
29547,435,436,9,AW00029547,435,SC,0,Mr.,Benjamin,J.,Becker,NULL
29548,437,438,6,AW00029548,437,SC,0,Ms.,Ann,NULL,Beebe,NULL
29549,439,440,5,AW00029549,439,SC,0,Mr.,Shane,J.,Belli,NULL
29550,441,442,1,AW00029550,441,SC,0,Mr.,Stanley,A.,Alan,Jr.
29551,443,444,2,AW00029551,443,SC,0,Mr.,Mason,NULL,Bendixen,NULL
29552,445,446,8,AW00029552,445,SC,0,Mr.,John,M.,Bennetts,NULL
29553,449,450,4,AW00029553,449,SC,0,Ms.,Edna,J.,Benson,NULL
29554,451,452,3,AW00029554,451,SC,0,Mr.,Payton,P.,Benson,NULL
29555,453,454,2,AW00029555,453,SC,0,Mr.,Max,NULL,Benson,NULL
29556,455,456,9,AW00029556,455,SC,0,Mr.,Scot,A.,Bent,NULL
29557,463,464,6,AW00029557,463,SC,0,Mr.,Alexander,J.,Berger,II
29558,465,466,6,AW00029558,465,SC,0,Mr.,John,M.,Berger,Jr.
29559,471,472,1,AW00029559,471,SC,0,Mr.,Robert,M.,Bernacchi,NULL
29560,473,474,4,AW00029560,473,SC,0,Mr.,Matthias,NULL,Berndt,NULL
29561,475,476,5,AW00029561,475,SC,0,NULL,John,NULL,Berry,NULL
29562,477,478,4,AW00029562,477,SC,0,Mr.,Steven,B.,Brown,IV
29563,479,480,5,AW00029563,479,SC,0,Mr.,Chris,N.,Bidelman,NULL
29564,481,482,7,AW00029564,481,SC,0,Ms.,Mary,B.,Billstrom,NULL
29565,483,484,4,AW00029565,483,SC,0,Mr.,Jimmy,NULL,Bischoff,NULL
29566,487,488,3,AW00029566,487,SC,0,Ms.,Mae,M.,Black,NULL
NULL,NULL,NULL,NULL,NULL,NULL,NULL,NULL,NULL,NULL,NULL,NULL,NULL
NULL,NULL,NULL,NULL,NULL,NULL,NULL,NULL,NULL,NULL,NULL,NULL,NULL
NULL,NULL,NULL,NULL,NULL,NULL,NULL,NULL,NULL,NULL,NULL,NULL,NULL
NULL,NULL,NULL,NULL,NULL,NULL,NULL,NULL,NULL,NULL,NULL,NULL,NULL
29567,489,490,6,AW00029567,489,SC,0,Ms.,Jackie,E.,Blackwell,NULL
29568,491,492,4,AW00029568,491,SC,0,Mr.,Donald,L.,Blanton,NULL
29569,493,494,3,AW00029569,493,SC,0,Ms.,Linda,E.,Burnett,NULL
29570,495,496,4,AW00029570,495,SC,0,Mr.,Michael,Greg,Blythe,NULL
29571,497,498,1,AW00029571,497,SC,0,Ms.,Gabriel,L.,Bockenkamp,NULL
29572,501,502,5,AW00029572,501,SC,0,Ms.,Corinna,NULL,Bolender,NULL
29573,503,504,4,AW00029573,503,SC,0,Sr.,Luis,NULL,Bonifaz,NULL
29574,505,506,4,AW00029574,505,SC,0,Mr.,Randall,NULL,Boseman,NULL
29575,507,508,7,AW00029575,507,SC,0,Ms.,Stephanie,NULL,Bourne,NULL
29576,509,510,6,AW00029576,509,SC,0,Mr.,Eli,NULL,Bowen,NULL
29577,511,512,6,AW00029577,511,SC,0,Mr.,Lester,J.,Bowman,Sr.
29578,513,514,5,AW00029578,513,SC,0,Mr.,David,M.,Bradley,NULL
29579,515,516,3,AW00029579,515,SC,0,Mr.,Cornelius,L.,Brandon,NULL
29580,517,518,1,AW00029580,517,SC,0,Mr.,Richard,NULL,Bready,NULL
29581,519,520,2,AW00029581,519,SC,0,Ms.,Sara,N.,Breer,NULL
29582,521,522,1,AW00029582,521,SC,0,Mr.,Ted,NULL,Bremer,NULL
29583,523,524,3,AW00029583,523,SC,0,Mr.,Alan,NULL,Brewer,NULL
29584,525,526,4,AW00029584,525,SC,0,Mr.,Walter,J.,Brian,IV
29585,527,528,1,AW00029585,527,SC,0,Mr.,Christopher,M.,Bright,NULL
29586,531,532,8,AW00029586,531,SC,0,Mr.,David,J.,Brink,NULL
29587,533,534,10,AW00029587,533,SC,0,Mr.,John,R.,Brooks,NULL
29588,535,536,1,AW00029588,535,SC,0,Mr.,Willie,P.,Brooks,Jr.
29589,537,538,8,AW00029589,537,SC,0,Ms.,Carolee,J.,Brown,NULL
29590,539,540,3,AW00029590,539,SC,0,Mr.,Jo,NULL,Brown,NULL
29591,541,542,3,AW00029591,541,SC,0,Mr.,Robert,NULL,Brown,NULL
29592,543,544,2,AW00029592,543,SC,0,Mr.,Kevin,F.,Browne,NULL
29593,545,546,3,AW00029593,545,SC,0,Ms.,Mary,K.,Browning,NULL
29594,547,548,2,AW00029594,547,SC,0,Mr.,Dave,P.,Browning,NULL
29595,549,550,9,AW00029595,549,SC,0,Ms.,Bridget,E.,Browqett,NULL
29596,551,552,6,AW00029596,551,SC,0,Mr.,Eric,J.,Brumfield,NULL
29597,553,554,5,AW00029597,553,SC,0,Mr.,Dick,R.,Brummer,Jr.
29598,555,556,4,AW00029598,555,SC,0,Mr.,Michael,NULL,Brundage,NULL
29599,557,558,1,AW00029599,557,SC,0,Ms.,Shirley,R.,Bruner,NULL
29600,559,560,3,AW00029600,559,SC,0,Ms.,June,B.,Brunner,NULL
29601,561,562,6,AW00029601,561,SC,0,Mr.,Dirk,J.,Bruno,NULL
29602,563,564,9,AW00029602,563,SC,0,Ms.,Nancy,NULL,Buchanan,NULL
29603,565,566,6,AW00029603,565,SC,0,Sra.,Janaina Barreiro Gambaro,NULL,Bueno,NULL
29604,567,568,5,AW00029604,567,SC,0,Mr.,Edward,T.,Buensalido,NULL
29605,569,570,4,AW00029605,569,SC,0,Ms.,Megan,E.,Burke,NULL
29606,573,574,1,AW00029606,573,SC,0,Ms.,Karren,K.,Burkhardt,NULL
29607,577,578,8,AW00029607,577,SC,0,Ms.,Dana,H.,Burnell,NULL
29608,579,580,6,AW00029608,579,SC,0,Mr.,Timothy,B.,Burnett,Jr.
29609,581,582,8,AW00029609,581,SC,0,Mr.,Stephen,R.,Burton,NULL
29610,583,584,2,AW00029610,583,SC,0,Ms.,Deanna,R.,Buskirk,NULL
29611,585,586,1,AW00029611,585,SC,0,Mr.,Jared,L.,Bustamante,NULL
29612,587,588,10,AW00029612,587,SC,0,Mr.,Richard,A.,Byham,NULL
29613,589,590,7,AW00029613,589,SC,0,Mr.,David,J.,Byrnes,Sr.
29614,591,592,6,AW00029614,591,SC,0,Mr.,Ryan,NULL,Calafato,NULL
29615,595,596,10,AW00029615,595,SC,0,Ms.,Mari,B.,Caldwell,NULL
29616,597,598,4,AW00029616,597,SC,0,Ms.,Barbara,J.,Calone,NULL
29617,599,600,1,AW00029617,599,SC,0,Ms.,Lindsey,R.,Camacho,NULL
29618,601,602,10,AW00029618,601,SC,0,Sr.,Gustavo,NULL,Camargo,NULL
29619,603,604,2,AW00029619,603,SC,0,Ms.,DeeDee,J.,Cameron,NULL
29620,607,608,6,AW00029620,607,SC,0,Ms.,Joan,M.,Campbell,NULL
29621,609,610,5,AW00029621,609,SC,0,Mr.,David,NULL,Campbell,NULL
29622,611,612,1,AW00029622,611,SC,0,Mr.,Henry,L.,Campen,NULL
29623,613,614,4,AW00029623,613,SC,0,Mr.,Chris,NULL,Cannon,NULL
29624,615,616,5,AW00029624,615,SC,0,Mr.,Joseph,J.,Cantoni,NULL
29625,617,618,6,AW00029625,617,SC,0,Ms.,Suzana De Abreu,A.,Canuto,NULL
29626,619,620,5,AW00029626,619,SC,0,Mr.,Jun,NULL,Cao,NULL
29627,621,622,6,AW00029627,621,SC,0,Mr.,Johnny,A.,Caprio,Jr.
29628,623,624,9,AW00029628,623,SC,0,Mr.,Richard,NULL,Carey,NULL
29629,625,626,6,AW00029629,625,SC,0,Mr.,Carlton,M.,Carlisle,NULL
29630,627,628,7,AW00029630,627,SC,0,Mr.,Ty Loren,NULL,Carlson,NULL
29631,629,630,4,AW00029631,629,SC,0,Ms.,Jane,N.,Carmichael,NULL
29632,631,632,1,AW00029632,631,SC,0,Ms.,Jovita,A.,Carmody,NULL
29633,633,634,2,AW00029633,633,SC,0,Mr.,Steve,J.,Carnes,NULL
29634,635,636,8,AW00029634,635,SC,0,Mr.,Fernando,NULL,Caro,NULL
29635,637,638,3,AW00029635,637,SC,0,Mr.,Rob,NULL,Caron,NULL
29636,639,640,1,AW00029636,639,SC,0,Mr.,Andy,NULL,Carothers,NULL
29637,641,642,4,AW00029637,641,SC,0,Ms.,Donna,F.,Carreras,NULL
29638,643,644,4,AW00029638,643,SC,0,Ms.,Rosmarie,J.,Carroll,NULL
29639,647,648,6,AW00029639,647,SC,0,Mr.,Joseph,N.,Castellucio,NULL
29640,649,650,5,AW00029640,649,SC,0,Ms.,Pamela,A.,Carlson,NULL
29641,651,652,4,AW00029641,651,SC,0,Mr.,Raul,E.,Casts,NULL
29642,653,654,5,AW00029642,653,SC,0,Ms.,Elizabeth,E.,Catalano,NULL
29643,655,656,1,AW00029643,655,SC,0,Mr.,Matthew,J.,Cavallari,NULL
29644,657,658,10,AW00029644,657,SC,0,Ms.,Brigid,F.,Cavendish,NULL
29645,659,660,1,AW00029645,659,SC,0,Mr.,Andrew,NULL,Cencini,NULL
29646,661,662,4,AW00029646,661,SC,0,Ms.,Stacey,M.,Cereghino,NULL
29647,663,664,2,AW00029647,663,SC,0,Mr.,Baris,NULL,Cetinok,NULL
29648,665,666,9,AW00029648,665,SC,0,Mr.,Sean,NULL,Chai,NULL
29649,667,668,6,AW00029649,667,SC,0,Mr.,Pat,A.,Chambers,NULL
29650,669,670,4,AW00029650,669,SC,0,Mr.,Forrest,J.,Chandler,NULL
29651,671,672,3,AW00029651,671,SC,0,Mr.,Lee,J.,Chapla,NULL
29652,675,676,9,AW00029652,675,SC,0,Mr.,Neil,NULL,Charney,NULL
29653,681,682,4,AW00029653,681,SC,0,Mr.,Pei,NULL,Chow,NULL
29654,683,684,3,AW00029654,683,SC,0,Mr.,Yao-Qiang,NULL,Cheng,NULL
29655,685,686,3,AW00029655,685,SC,0,Ms.,Nicky,E.,Chesnut,NULL
29656,687,688,9,AW00029656,687,SC,0,Ms.,Susan,B.,Chestnut,NULL
29657,689,690,9,AW00029657,689,SC,0,Mr.,Martin,NULL,Chisholm,NULL
29658,691,692,2,AW00029658,691,SC,0,Mr.,Mike,M.,Choi,NULL
29659,693,694,4,AW00029659,693,SC,0,Ms.,Ruth,A.,Choin,NULL
29660,695,696,4,AW00029660,695,SC,0,Mr.,Anthony,NULL,Chor,NULL
29661,697,698,5,AW00029661,697,SC,0,Mr.,Charles,M.,Christensen,NULL
29662,699,700,4,AW00029662,699,SC,0,Ms.,Jill,J.,Christie,NULL
29663,701,702,3,AW00029663,701,SC,0,Ms.,Alice,NULL,Clark,NULL
29664,703,704,2,AW00029664,703,SC,0,Ms.,Gina,N.,Clark,NULL
29665,705,706,9,AW00029665,705,SC,0,Mr.,James,J.,Clark,NULL
29666,707,708,6,AW00029666,707,SC,0,Ms.,Jane,NULL,Clayton,NULL
29667,709,710,5,AW00029667,709,SC,0,Ms.,Kristine,J.,Cleary,NULL
29668,713,714,3,AW00029668,713,SC,0,Ms.,Connie,L.,Coffman,NULL
29669,715,716,2,AW00029669,715,SC,0,Ms.,Jeanette,R.,Cole,NULL
29670,717,718,9,AW00029670,717,SC,0,Mr.,Eric,E.,Coleman,NULL
29671,719,720,6,AW00029671,719,SC,0,Mr.,Pat,NULL,Coleman,NULL
29672,721,722,5,AW00029672,721,SC,0,Mr.,Takiko,J.,Collins,NULL
29673,723,724,4,AW00029673,723,SC,0,Mr.,John,L.,Colon,NULL
29674,725,726,3,AW00029674,725,SC,0,Mr.,Scott,A.,Colvin,NULL
29675,727,728,2,AW00029675,727,SC,0,Mr.,Aaron,NULL,Con,NULL
29676,729,730,8,AW00029676,729,SC,0,Mr.,Peter,NULL,Connelly,NULL
29677,731,732,6,AW00029677,731,SC,0,Mr.,William,J.,Conner,NULL
29678,733,734,5,AW00029678,733,SC,0,Ms.,Stephanie,NULL,Conroy,NULL
29679,735,736,8,AW00029679,735,SC,0,Ms.,Amy,R.,Consentino,NULL
29680,737,738,6,AW00029680,737,SC,0,Ms.,Dorothy,J.,Contreras,NULL
29681,739,740,5,AW00029681,739,SC,0,Mr.,Patrick,M.,Cook,NULL
29682,741,742,4,AW00029682,741,SC,0,Mr.,Scott,NULL,Cooper,NULL
29683,743,744,1,AW00029683,743,SC,0,Ms.,Eva,NULL,Corets,NULL
29684,745,746,3,AW00029684,745,SC,0,Mr.,Marlin,M.,Coriell,NULL
29685,751,752,5,AW00029685,751,SC,0,Ms.,Pamela,R.,Cox,NULL
29686,753,754,4,AW00029686,753,SC,0,Mr.,Jack,NULL,Creasey,NULL
29687,757,758,8,AW00029687,757,SC,0,Ms.,Shelley,R.,Crow,NULL
29688,759,760,3,AW00029688,759,SC,0,Mr.,Grant,NULL,Culbertson,NULL
29689,761,762,1,AW00029689,761,SC,0,Mr.,Scott,NULL,Culp,NULL
29690,763,764,1,AW00029690,763,SC,0,Mr.,Conor,NULL,Cunningham,NULL
29691,765,766,5,AW00029691,765,SC,0,Mr.,Jose,M.,Curry,NULL
29692,767,768,6,AW00029692,767,SC,0,Mr.,Thierry,NULL,D'Hers,NULL
29693,769,770,8,AW00029693,769,SC,0,Mr.,Ryan,NULL,Danner,NULL
29694,771,772,2,AW00029694,771,SC,0,Mr.,Mike,NULL,Danseglio,NULL
29695,773,774,1,AW00029695,773,SC,0,Ms.,Megan,N.,Davis,NULL
29696,775,776,4,AW00029696,775,SC,0,Sr.,Alvaro,NULL,De Matos Miranda Filho,NULL
29697,777,778,5,AW00029697,777,SC,0,Mr.,Jose,NULL,De Oliveira,NULL
29698,779,780,6,AW00029698,779,SC,0,Mr.,Jacob,N.,Dean,NULL
29699,781,782,6,AW00029699,781,SC,0,Mr.,Alexander,J.,Deborde,NULL
29700,783,784,9,AW00029700,783,SC,0,Ms.,Barbara,S.,Decker,NULL
29701,785,786,2,AW00029701,785,SC,0,Mr.,Kirk,NULL,DeGrasse,NULL
29702,787,788,4,AW00029702,787,SC,0,Ms.,Aidan,NULL,Delaney,NULL
29703,789,790,4,AW00029703,789,SC,0,Mr.,Stefan,NULL,Delmarco,NULL
29704,791,792,5,AW00029704,791,SC,0,Mr.,Shawn,R.,Demicell,NULL
29705,793,794,6,AW00029705,793,SC,0,Ms.,Della,F.,Demott Jr,NULL
29706,795,796,9,AW00029706,795,SC,0,Mr.,Bruno,NULL,Deniut,NULL
29707,797,798,5,AW00029707,797,SC,0,Ms.,Helen,J.,Dennis,NULL
29708,799,800,4,AW00029708,799,SC,0,Mr.,Prashanth,NULL,Desai,NULL
29709,801,802,1,AW00029709,801,SC,0,Ms.,Bev,L.,Desalvo,NULL
29710,803,804,1,AW00029710,803,SC,0,Ms.,Brenda,NULL,Diaz,NULL
29711,805,806,6,AW00029711,805,SC,0,Ms.,Gabriele,NULL,Dickmann,NULL
29712,807,808,7,AW00029712,807,SC,0,Ms.,Holly,NULL,Dickson,NULL
29713,809,810,10,AW00029713,809,SC,0,Mr.,Dick,NULL,Dievendorff,NULL
29714,811,812,6,AW00029714,811,SC,0,Mr.,Rudolph,J.,Dillon,Sr.
29715,813,814,5,AW00029715,813,SC,0,Mr.,Andrew,NULL,Dixon,NULL
29716,815,816,4,AW00029716,815,SC,0,Mr.,Blaine,NULL,Dockter,NULL
29717,817,818,1,AW00029717,817,SC,0,Ms.,Cindy,M.,Dodd,NULL
29718,819,820,2,AW00029718,819,SC,0,Mr.,John,T.,Donovan,Jr.
29719,821,822,1,AW00029719,821,SC,0,Ms.,Patricia,NULL,Doyle,NULL
29720,823,824,1,AW00029720,823,SC,0,Mr.,Gerald,M.,Drury,NULL
29721,825,826,5,AW00029721,825,SC,0,Mr.,Gary,T.,Drury,NULL
29722,827,828,6,AW00029722,827,SC,0,Mr.,Reuben,NULL,D'sa,NULL
29723,829,830,8,AW00029723,829,SC,0,Mr.,Ed,NULL,Dudenhoefer,NULL
29724,831,832,2,AW00029724,831,SC,0,Mr.,Bernard,NULL,Duerr,NULL
29725,833,834,8,AW00029725,833,SC,0,Ms.,Tish,R.,Duff,NULL
29726,835,836,2,AW00029726,835,SC,0,Sr.,Adrian,NULL,Dumitrascu,NULL
29727,837,838,1,AW00029727,837,SC,0,Mr.,Bart,NULL,Duncan,NULL
29728,839,840,1,AW00029728,839,SC,0,Mr.,Maciej,NULL,Dusza,NULL
29729,841,842,5,AW00029729,841,SC,0,Ms.,Shelley,NULL,Dyck,NULL
29730,843,844,6,AW00029730,843,SC,0,Ms.,Linda,R.,Ecoffey,NULL
29731,845,846,2,AW00029731,845,SC,0,Ms.,Carla,L.,Eldridge,NULL
29732,847,848,4,AW00029732,847,SC,0,Ms.,Carol,B.,Elliott,NULL
29733,849,850,4,AW00029733,849,SC,0,Ms.,Shannon,P.,Elliott,NULL
29734,851,852,6,AW00029734,851,SC,0,Ms.,Jauna,E.,Elson,NULL
29735,853,854,7,AW00029735,853,SC,0,Mr.,Michael,NULL,Emanuel,NULL
29736,855,856,10,AW00029736,855,SC,0,Mr.,Terry,NULL,Eminhizer,NULL
29737,857,858,1,AW00029737,857,SC,0,Mr.,John,NULL,Emory,NULL
29738,859,860,3,AW00029738,859,SC,0,Ms.,Gail,NULL,Erickson,NULL
29739,861,862,4,AW00029739,861,SC,0,Mr.,Mark,B,Erickson,NULL
29740,863,864,6,AW00029740,863,SC,0,Ms.,Martha,R.,Espinoza,NULL
29741,867,868,10,AW00029741,867,SC,0,Sra.,Janeth,NULL,Esteves,NULL
29742,869,870,1,AW00029742,869,SC,0,Ms.,Twanna,R.,Evans,NULL
29743,871,872,3,AW00029743,871,SC,0,Ms.,Ann,R.,Evans,NULL
29744,873,874,4,AW00029744,873,SC,0,Mr.,John,NULL,Evans,NULL
29745,875,876,8,AW00029745,875,SC,0,Mr.,Marc,NULL,Faeber,NULL
29746,877,878,2,AW00029746,877,SC,0,Mr.,Fadi,NULL,Fakhouri,NULL
29747,879,880,1,AW00029747,879,SC,0,Ms.,Carolyn,NULL,Farino,NULL
29748,881,882,4,AW00029748,881,SC,0,Ms.,Geri,P.,Farrell,NULL
29749,883,884,5,AW00029749,883,SC,0,Ms.,Hanying,NULL,Feng,NULL
29750,885,886,6,AW00029750,885,SC,0,Ms.,Rhoda,J.,Finley,NULL
29751,887,888,8,AW00029751,887,SC,0,Mr.,Duane,R.,Fitzgerald,Jr.
29752,889,890,2,AW00029752,889,SC,0,Mr.,James,NULL,Fine,NULL
29753,891,892,1,AW00029753,891,SC,0,Ms.,Kathie,NULL,Flood,NULL
29754,893,894,9,AW00029754,893,SC,0,Mr.,Jay,NULL,Fluegel,NULL
29755,895,896,6,AW00029755,895,SC,0,Ms.,Kelly,NULL,Focht,NULL
29756,897,898,5,AW00029756,897,SC,0,Mr.,Jeffrey,L.,Ford,NULL
29757,899,900,4,AW00029757,899,SC,0,Mr.,Garth,NULL,Fort,NULL
29758,901,902,4,AW00029758,901,SC,0,Ms.,Dorothy,J.,Fox,NULL
29759,903,904,2,AW00029759,903,SC,0,Ms.,Judith,B.,Frazier,NULL
29760,905,906,9,AW00029760,905,SC,0,Mr.,John,NULL,Fredericksen,NULL
29761,907,908,6,AW00029761,907,SC,0,Ms.,Susan,E.,French,NULL
29762,909,910,5,AW00029762,909,SC,0,Mr.,Liam,J.,Friedland,NULL
29763,911,912,4,AW00029763,911,SC,0,Mr.,Mihail,NULL,Frintu,NULL
29764,913,914,4,AW00029764,913,SC,0,Mr.,John,NULL,Ford,NULL
29765,915,916,3,AW00029765,915,SC,0,Mr.,Paul,J.,Fulton,NULL
29766,919,920,6,AW00029766,919,SC,0,Mr.,Bob,NULL,Gage,NULL
29767,921,922,5,AW00029767,921,SC,0,Ms.,Aldeen,J.,Gallagher,NULL
29768,923,924,4,AW00029768,923,SC,0,Mr.,Michael,NULL,Galos,NULL
29769,925,926,3,AW00029769,925,SC,0,Mr.,Jon,NULL,Ganio,NULL
29770,927,928,6,AW00029770,927,SC,0,Ms.,Kathleen,M.,Garza,NULL
29771,929,930,1,AW00029771,929,SC,0,Mr.,Dominic,P.,Gash,NULL
29772,931,932,4,AW00029772,931,SC,0,Ms.,Janet,M.,Gates,NULL
29773,933,934,1,AW00029773,933,SC,0,Mr.,Orlando,N.,Gee,NULL
29774,935,936,4,AW00029774,935,SC,0,Mr.,Darren,NULL,Gehring,NULL
29775,937,938,1,AW00029775,937,SC,0,Mr.,Jim,NULL,Geist,NULL
29776,939,940,10,AW00029776,939,SC,0,Ms.,Barbara,J.,German,NULL
29777,941,942,7,AW00029777,941,SC,0,Mr.,Tom,NULL,Getzinger,NULL
29778,943,944,10,AW00029778,943,SC,0,Mr.,Leo,NULL,Giakoumakis,NULL
29779,945,946,7,AW00029779,945,SC,0,Mr.,Cornett,L.,Gibbens,NULL
29780,947,948,6,AW00029780,947,SC,0,Mr.,Frances,J.,Giglio,NULL
29781,949,950,4,AW00029781,949,SC,0,Mr.,Guy,NULL,Gilbert,NULL
29782,951,952,3,AW00029782,951,SC,0,Ms.,Janet,J.,Gilliat,NULL
29783,953,954,3,AW00029783,953,SC,0,Ms.,Mary,M.,Gimmi,NULL
29784,957,958,4,AW00029784,957,SC,0,Ms.,Jeanie,R.,Glenn,PhD
29785,959,960,6,AW00029785,959,SC,0,Ms.,Diane,R.,Glimp,NULL
29786,961,962,7,AW00029786,961,SC,0,Mr.,James,R.,Glynn,NULL
29787,963,964,1,AW00029787,963,SC,0,Mr.,Scott,NULL,Gode,NULL
29788,965,966,4,AW00029788,965,SC,0,Mr.,Mete,NULL,Goktepe,NULL
29789,969,970,6,AW00029789,969,SC,0,Mr.,Brian,R,Goldstein,NULL
29790,971,972,9,AW00029790,971,SC,0,Ms.,Lynn,A.,Gonzales,NULL
29791,973,974,2,AW00029791,973,SC,0,Ms.,Linda,L.,Gonzales,NULL
29792,975,976,4,AW00029792,975,SC,0,Ms.,Abigail,J.,Gonzalez,NULL
29793,977,978,4,AW00029793,977,SC,0,Mr.,Michael,NULL,Graff,NULL
29794,979,980,6,AW00029794,979,SC,0,Mr.,Derek,NULL,Graham,NULL
29795,981,982,7,AW00029795,981,SC,0,Mr.,Lowell,J.,Graham,NULL
29796,983,984,10,AW00029796,983,SC,0,Mr.,Jon,NULL,Grande,NULL
29797,985,986,6,AW00029797,985,SC,0,Ms.,Jane,P.,Greer,NULL
29798,987,988,5,AW00029798,987,SC,0,Mr.,Geoff,NULL,Grisso,NULL
29799,989,990,4,AW00029799,989,SC,0,Mr.,Douglas,NULL,Groncki,NULL
29800,991,992,1,AW00029800,991,SC,0,Mr.,Brian,NULL,Groth,NULL
29801,993,994,2,AW00029801,993,SC,0,Ms.,Faith,M.,Gustafson,NULL
29802,995,996,8,AW00029802,995,SC,0,Mr.,Greg,NULL,Harrison,NULL
29803,997,998,6,AW00029803,997,SC,0,Ms.,Hattie,J.,Haemon,NULL
29804,999,1000,5,AW00029804,999,SC,0,Mr.,Matthew,M.,Hagemann,NULL
29805,1001,1002,4,AW00029805,1001,SC,0,Ms.,Erin,M.,Hagens,NULL
29806,1003,1004,1,AW00029806,1003,SC,0,Ms.,Betty,M.,Haines,NULL
29807,1009,1010,6,AW00029807,1009,SC,0,Mr.,Bryan,NULL,Hamilton,NULL
29808,1011,1012,5,AW00029808,1011,SC,0,Mr.,James,R.,Hamilton,NULL
29809,1013,1014,4,AW00029809,1013,SC,0,Mr.,Kerim,NULL,Hanif,NULL
29810,1015,1016,1,AW00029810,1015,SC,0,Ms.,Jean,P.,Handley,NULL
29811,1017,1018,5,AW00029811,1017,SC,0,Mr.,Mark,NULL,Hanson,NULL
29812,1019,1020,8,AW00029812,1019,SC,0,Mr.,William,J.,Hapke,NULL
29813,1021,1022,6,AW00029813,1021,SC,0,Ms.,Katherine,NULL,Harding,NULL
29814,1023,1024,5,AW00029814,1023,SC,0,Ms.,Kimberly,Beth,Harrington,NULL
29815,1025,1026,4,AW00029815,1025,SC,0,Mr.,Lucy,NULL,Harrington,NULL
29816,1027,1028,1,AW00029816,1027,SC,0,Mr.,Keith,NULL,Harris,NULL
29817,1029,1030,5,AW00029817,1029,SC,0,Ms.,Doris,NULL,Hartwig,NULL
29818,1031,1032,1,AW00029818,1031,SC,0,Mr.,Roger,NULL,Harui,NULL
29819,1033,1034,3,AW00029819,1033,SC,0,Ms.,Ann,T.,Hass,NULL
29820,1035,1036,2,AW00029820,1035,SC,0,Mr.,Mark,NULL,Hassall,NULL
29821,1037,1038,9,AW00029821,1037,SC,0,Mr.,Neal,B.,Hasty,III
29822,1039,1040,6,AW00029822,1039,SC,0,Mr.,James,B.,Haugh,Jr.
29823,1041,1042,9,AW00029823,1041,SC,0,Mr.,Jeff,NULL,Hay,NULL
29824,1043,1044,6,AW00029824,1043,SC,0,Ms.,Brenda,F.,Heaney,NULL
29825,1045,1046,5,AW00029825,1045,SC,0,NULL,James,NULL,Hendergart,NULL
29826,1047,1048,1,AW00029826,1047,SC,0,Mr.,John,NULL,Hanson,NULL
29827,1049,1050,3,AW00029827,1049,SC,0,Ms.,Valerie,M.,Hendricks,NULL
29828,1051,1052,2,AW00029828,1051,SC,0,Mr.,Jay,NULL,Henningsen,NULL
29829,1053,1054,9,AW00029829,1053,SC,0,Mr.,Jeff,D.,Henshaw,NULL
29830,1055,1056,6,AW00029830,1055,SC,0,Mr.,Kari,NULL,Hensien,NULL
29831,1059,1060,6,AW00029831,1059,SC,0,Ms.,Irene,J.,Hernandez,NULL
29832,1061,1062,6,AW00029832,1061,SC,0,Mr.,Jésus,NULL,Hernandez,NULL
29833,1063,1064,5,AW00029833,1063,SC,0,Ms.,Pam,L.,Herrick,NULL
29834,1065,1066,4,AW00029834,1065,SC,0,Ms.,Cheryl,M.,Herring,NULL
29835,1067,1068,1,AW00029835,1067,SC,0,Mr.,Ronald,K.,Heymsfield,NULL
29836,1069,1070,2,AW00029836,1069,SC,0,Mr.,Sidney,NULL,Higa,NULL
29837,1071,1072,8,AW00029837,1071,SC,0,Ms.,Onetha,F.,Higgs,NULL
29838,1073,1074,2,AW00029838,1073,SC,0,Ms.,Fran,P.,Highfill,NULL
29839,1075,1076,8,AW00029839,1075,SC,0,Ms.,Geneva,T.,Hill,NULL
29840,1077,1078,6,AW00029840,1077,SC,0,Mr.,Andrew,R.,Hill,NULL
29841,1079,1080,5,AW00029841,1079,SC,0,Mr.,Reinout,NULL,Hillmann,NULL
29842,1081,1082,4,AW00029842,1081,SC,0,Mr.,Mike,NULL,Hines,NULL
29843,1083,1084,1,AW00029843,1083,SC,0,Mr.,Matthew,NULL,Hink,NULL
29844,1085,1086,2,AW00029844,1085,SC,0,Ms.,Nancy,E.,Hirota,NULL
29845,1087,1088,8,AW00029845,1087,SC,0,Ms.,Rose,NULL,Hirsch,NULL
29846,1089,1090,5,AW00029846,1089,SC,0,Mr.,Douglas,NULL,Hite,NULL
29847,1091,1092,4,AW00029847,1091,SC,0,Mr.,David,NULL,Hodgson,NULL
29848,1093,1094,3,AW00029848,1093,SC,0,Ms.,Helge,NULL,Hoeing,NULL
29849,1095,1096,5,AW00029849,1095,SC,0,Ms.,Barbara,NULL,Hoffman,NULL
29850,1099,1100,4,AW00029850,1099,SC,0,Mr.,Bob,NULL,Hodges,NULL
29851,1101,1102,10,AW00029851,1101,SC,0,Ms.,Jean,J.,Holloway,NULL
29852,1105,1106,6,AW00029852,1105,SC,0,Mr.,Eddie,M.,Holmes,NULL
29853,1107,1108,4,AW00029853,1107,SC,0,Ms.,Juanita,J.,Holman,NULL
29854,1109,1110,3,AW00029854,1109,SC,0,Mr.,Peter,NULL,Houston,NULL
29855,1111,1112,6,AW00029855,1111,SC,0,Mr.,Curtis,P.,Howard,NULL
29856,1113,1114,7,AW00029856,1113,SC,0,Mr.,Joe,NULL,Howard,NULL
29857,1115,1116,10,AW00029857,1115,SC,0,Ms.,Janice,K.,Hows,NULL
29858,1117,1118,1,AW00029858,1117,SC,0,Mr.,George,M.,Huckaby,NULL
29859,1119,1120,4,AW00029859,1119,SC,0,Mr.,Joshua,J.,Huff,NULL
29860,1121,1122,10,AW00029860,1121,SC,0,Ms.,Arlene,NULL,Huff,NULL
29861,1125,1126,3,AW00029861,1125,SC,0,Ms.,Phyllis,R.,Huntsman,NULL
29862,1127,1128,1,AW00029862,1127,SC,0,Mr.,Lawrence,E.,Hurkett,NULL
29863,1129,1130,6,AW00029863,1129,SC,0,Mr.,Ryan,NULL,Ihrig,NULL
29864,1131,1132,6,AW00029864,1131,SC,0,Ms.,Beth,NULL,Inghram,NULL
29865,1133,1134,4,AW00029865,1133,SC,0,Mr.,Lucio,NULL,Iallo,NULL
29866,1135,1136,4,AW00029866,1135,SC,0,Mr.,Richard,L.,Irwin,NULL
29867,1137,1138,1,AW00029867,1137,SC,0,Mr.,Erik,NULL,Ismert,NULL
29868,1139,1140,10,AW00029868,1139,SC,0,Ms.,Denean,J.,Ison,NULL
29869,1141,1142,7,AW00029869,1141,SC,0,Mr.,Raman,NULL,Iyer,NULL
29870,1143,1144,6,AW00029870,1143,SC,0,Mr.,Bronson,R.,Jacobs,NULL
29871,1145,1146,4,AW00029871,1145,SC,0,Mr.,Eric,A.,Jacobsen,NULL
29872,1147,1148,3,AW00029872,1147,SC,0,Ms.,Jodan,M.,Jacobson,NULL
29873,1149,1150,1,AW00029873,1149,SC,0,Ms.,Mary,NULL,Alexander,NULL
29874,1151,1152,10,AW00029874,1151,SC,0,Mr.,David,NULL,Jaffe,NULL
29875,1153,1154,7,AW00029875,1153,SC,0,Mr.,Jay,NULL,Jamison,NULL
29876,1155,1156,6,AW00029876,1155,SC,0,Ms.,Vance,P.,Johns,NULL
29877,1157,1158,3,AW00029877,1157,SC,0,Ms.,Joyce,NULL,Jarvis,NULL
29878,1159,1160,8,AW00029878,1159,SC,0,Mr.,George,NULL,Jiang,NULL
29879,1161,1162,6,AW00029879,1161,SC,0,Mr.,Stephen,Yuan,Jiang,NULL
29880,1163,1164,5,AW00029880,1163,SC,0,Mr.,Samuel,A.,Johnson,NULL
29881,1165,1166,6,AW00029881,1165,SC,0,Ms.,Danielle,B.,Johnson,NULL
29882,1167,1168,5,AW00029882,1167,SC,0,Mr.,Greg,M.,Johnson,NULL
29883,1169,1170,3,AW00029883,1169,SC,0,Mr.,Barry,NULL,Johnson,NULL
29884,1171,1172,3,AW00029884,1171,SC,0,Mr.,Brian,NULL,Johnson,NULL
29885,1173,1174,1,AW00029885,1173,SC,0,Mr.,David,NULL,Johnson,NULL
29886,1175,1176,2,AW00029886,1175,SC,0,Mr.,Willis,NULL,Johnson,NULL
29887,1177,1178,8,AW00029887,1177,SC,0,Ms.,Tamara,NULL,Johnston,NULL
29888,1181,1182,5,AW00029888,1181,SC,0,Mr.,Brannon,NULL,Jones,NULL
29889,1183,1184,4,AW00029889,1183,SC,0,Ms.,Jean,NULL,Jordan,NULL
29890,1185,1186,1,AW00029890,1185,SC,0,Ms.,Peggy,J.,Justice,NULL
29891,1187,1188,3,AW00029891,1187,SC,0,Ms.,Diane,F.,Krane,NULL
29892,1191,1192,6,AW00029892,1191,SC,0,Ms.,Sandra,T.,Kitt,NULL
29893,1195,1196,4,AW00029893,1195,SC,0,Mr.,Sandeep,NULL,Kaliyath,NULL
29894,1197,1198,8,AW00029894,1197,SC,0,Mr.,John,NULL,Kane,NULL
29895,1199,1200,6,AW00029895,1199,SC,0,Ms.,Lori,NULL,Kane,NULL
29896,1201,1202,5,AW00029896,1201,SC,0,Ms.,Judith,F.,Krane,NULL
29897,1203,1204,4,AW00029897,1203,SC,0,Ms.,Kay,E.,Krane,NULL
29898,1205,1206,1,AW00029898,1205,SC,0,Mr.,Sandeep,NULL,Katyal,NULL
29899,1209,1210,7,AW00029899,1209,SC,0,Mr.,Kendall,NULL,Keil,NULL
29900,1211,1212,6,AW00029900,1211,SC,0,Mr.,Victor,A.,Kelley,NULL
29901,1213,1214,4,AW00029901,1213,SC,0,Mr.,John,NULL,Kelly,NULL
29902,1215,1216,4,AW00029902,1215,SC,0,Mr.,Robert,NULL,Kelly,NULL
29903,1217,1218,1,AW00029903,1217,SC,0,Mr.,Kevin,NULL,Kennedy,NULL
29904,1219,1220,10,AW00029904,1219,SC,0,Ms.,Mary,R.,Kesslep,NULL
29905,1223,1224,6,AW00029905,1223,SC,0,Ms.,Elizabeth,NULL,Keyser,NULL
29906,1227,1228,3,AW00029906,1227,SC,0,Mr.,Imtiaz,NULL,Khan,NULL
29907,1229,1230,1,AW00029907,1229,SC,0,Ms.,Karan,NULL,Khanna,NULL
29908,1231,1232,10,AW00029908,1231,SC,0,Mr.,Joe,NULL,Kim,NULL
29909,1233,1234,7,AW00029909,1233,SC,0,Mr.,Jim,NULL,Kim,NULL
29910,1235,1236,6,AW00029910,1235,SC,0,Mr.,Shane,S.,Kim,NULL
29911,1237,1238,6,AW00029911,1237,SC,0,Mr.,Tim,NULL,Kim,NULL
29912,1239,1240,5,AW00029912,1239,SC,0,Mr.,Russell,NULL,King,NULL
29913,1241,1242,3,AW00029913,1241,SC,0,Mr.,Anton,NULL,Kirilov,NULL
29914,1243,1244,4,AW00029914,1243,SC,0,Mr.,Christian,NULL,Kleinerman,NULL
29915,1245,1246,1,AW00029915,1245,SC,0,Mr.,Andrew,P.,Kobylinski,NULL
29916,1247,1248,2,AW00029916,1247,SC,0,Mr.,Reed,NULL,Koch,NULL
29917,1249,1250,8,AW00029917,1249,SC,0,Mr.,Jim,NULL,Kennedy,NULL
29918,1251,1252,6,AW00029918,1251,SC,0,Mr.,Kirk,T,King,NULL
29919,1253,1254,4,AW00029919,1253,SC,0,Mr.,Eugene,NULL,Kogan,NULL
29920,1255,1256,4,AW00029920,1255,SC,0,Mr.,Scott,NULL,Konersmann,NULL
29921,1257,1258,1,AW00029921,1257,SC,0,Ms.,Joy,R.,Koski,NULL
29922,1259,1260,10,AW00029922,1259,SC,0,Ms.,Pamala,M.,Kotc,NULL
29923,1261,1262,7,AW00029923,1261,SC,0,Mr.,Edward,J.,Kozlowski,Jr.
29924,1265,1266,3,AW00029924,1265,SC,0,Mr.,Mitch,NULL,Kennedy,NULL
29925,1269,1270,1,AW00029925,1269,SC,0,Ms.,Margaret,T.,Krupka,NULL
29926,1271,1272,10,AW00029926,1271,SC,0,Mr.,Deepak,NULL,Kumar,NULL
29927,1273,1274,7,AW00029927,1273,SC,0,Mr.,Jeffrey,B.,Kung,Jr.
29928,1275,1276,6,AW00029928,1275,SC,0,Mr.,Vamsi,NULL,Kuppa,NULL
29929,1277,1278,4,AW00029929,1277,SC,0,Mr.,Jeffrey,NULL,Kurtz,NULL
29930,1279,1280,3,AW00029930,1279,SC,0,Mr.,Peter,NULL,Kurniawan,NULL
29931,1281,1282,1,AW00029931,1281,SC,0,Mr.,Eric,NULL,Lang,NULL
29932,1283,1284,10,AW00029932,1283,SC,0,Ms.,Rebecca,NULL,Laszlo,NULL
29933,1285,1286,7,AW00029933,1285,SC,0,Ms.,Cecilia,M.,Laursen,NULL
29934,1287,1288,6,AW00029934,1287,SC,0,Mr.,David,O,Lawrence,NULL
29935,1289,1290,1,AW00029935,1289,SC,0,Ms.,Elsa,NULL,Leavitt,NULL
29936,1291,1292,1,AW00029936,1291,SC,0,Mr.,Michael,J.,Lee,NULL
29937,1293,1294,4,AW00029937,1293,SC,0,Ms.,Marjorie,M.,Lee,NULL
29938,1295,1296,4,AW00029938,1295,SC,0,Mr.,Frank,NULL,Campbell,NULL
29939,1297,1298,6,AW00029939,1297,SC,0,Mr.,Mark,NULL,Lee,NULL
29940,1299,1300,7,AW00029940,1299,SC,0,Mr.,Robertson,NULL,Lee,NULL
29941,1301,1302,10,AW00029941,1301,SC,0,Ms.,Jolie,NULL,Lenehan,NULL
29942,1303,1304,1,AW00029942,1303,SC,0,Mr.,Roger,NULL,Lengel,NULL
29943,1305,1306,4,AW00029943,1305,SC,0,NULL,A.,Francesca,Leonetti,NULL
29944,1307,1308,4,AW00029944,1307,SC,0,Ms.,Bonnie,B.,Lepro,NULL
29945,1309,1310,5,AW00029945,1309,SC,0,Ms.,Gloria,J.,Lesko,NULL
29946,1311,1312,6,AW00029946,1311,SC,0,Ms.,Linda,NULL,Leste,NULL
29947,1315,1316,2,AW00029947,1315,SC,0,Ms.,Judy,NULL,Lew,NULL
29948,1317,1318,4,AW00029948,1317,SC,0,Ms.,Elsie,L.,Lewin,NULL
29949,1319,1320,1,AW00029949,1319,SC,0,Mr.,George,Z.,Li,NULL
29950,1321,1322,6,AW00029950,1321,SC,0,Mr.,Yale,NULL,Li,NULL
29951,1323,1324,7,AW00029951,1323,SC,0,Ms.,Yan,NULL,Li,NULL
29952,1325,1326,10,AW00029952,1325,SC,0,Ms.,Yuhong,NULL,Li,NULL
29953,1327,1328,1,AW00029953,1327,SC,0,Mr.,Joseph,M.,Lique,NULL
29954,1329,1330,4,AW00029954,1329,SC,0,Mr.,Paulo,H.,Lisboa,NULL
29955,1331,1332,3,AW00029955,1331,SC,0,Mr.,David,J.,Liu,NULL
29956,1333,1334,4,AW00029956,1333,SC,0,NULL,Jinghao,NULL,Liu,NULL
29957,1335,1336,4,AW00029957,1335,SC,0,Mr.,Kevin,NULL,Liu,NULL
29958,1337,1338,5,AW00029958,1337,SC,0,Mr.,Run,NULL,Liu,NULL
29959,1339,1340,6,AW00029959,1339,SC,0,Mr.,Todd,R.,Logan,NULL
29960,1341,1342,9,AW00029960,1341,SC,0,Mr.,Kok-Ho,NULL,Loh,NULL
29961,1343,1344,2,AW00029961,1343,SC,0,Mr.,John,K.,Long,NULL
29962,1345,1346,3,AW00029962,1345,SC,0,Ms.,Sharon,J.,Looney,NULL
29963,1349,1350,5,AW00029963,1349,SC,0,Mr.,Spencer,NULL,Low,NULL
29964,1351,1352,6,AW00029964,1351,SC,0,Ms.,Anita,R.,Lucerne,NULL
29965,1353,1354,9,AW00029965,1353,SC,0,Mr.,Jose,NULL,Lugo,NULL
29966,1355,1356,2,AW00029966,1355,SC,0,Mr.,Richard,NULL,Lum,NULL
29967,1357,1358,3,AW00029967,1357,SC,0,Ms.,Judy,R.,Lundahl,NULL
29968,1361,1362,5,AW00029968,1361,SC,0,Ms.,Helen,R.,Lutes,NULL
29969,1363,1364,6,AW00029969,1363,SC,0,Mr.,Robert,P.,Lyeba,NULL
29970,1365,1366,9,AW00029970,1365,SC,0,Ms.,Sharon,F.,Lynn,NULL
29971,1367,1368,6,AW00029971,1367,SC,0,Mr.,Robert,NULL,Lyon,NULL
29972,1369,1370,9,AW00029972,1369,SC,0,Ms.,Jenny,NULL,Lysaker,NULL
29973,1371,1372,3,AW00029973,1371,SC,0,Ms.,Denise,R.,Maccietto,NULL
29974,1373,1374,3,AW00029974,1373,SC,0,Mr.,Scott,NULL,MacDonald,NULL
29975,1375,1376,4,AW00029975,1375,SC,0,Mr.,Walter,J.,Mays,Sr.
29976,1377,1378,5,AW00029976,1377,SC,0,Mr.,Patrick,J.,Magenheimer,NULL
29977,1379,1380,7,AW00029977,1379,SC,0,Ms.,Kimberly,N.,Malmendier,NULL
29978,1381,1382,10,AW00029978,1381,SC,0,Mr.,Ajay,NULL,Manchepalli,NULL
29979,1383,1384,7,AW00029979,1383,SC,0,Ms.,Parul,NULL,Manek,NULL
29980,1385,1386,10,AW00029980,1385,SC,0,Mr.,Tomas,M.,Manzanares,II
29981,1387,1388,1,AW00029981,1387,SC,0,Ms.,Kathy,R.,Marcovecchio,NULL
29982,1391,1392,4,AW00029982,1391,SC,0,Ms.,Melissa,R.,Marple,NULL
29983,1393,1394,6,AW00029983,1393,SC,0,Ms.,Cecelia,L.,Marshall,NULL
29984,1395,1396,7,AW00029984,1395,SC,0,Mr.,Benjamin,NULL,Martin,NULL
29985,1397,1398,10,AW00029985,1397,SC,0,Ms.,Linda,NULL,Martin,NULL
29986,1399,1400,7,AW00029986,1399,SC,0,Ms.,Mindy,NULL,Martin,NULL
29987,1403,1404,4,AW00029987,1403,SC,0,Mr.,Frank,NULL,Mart¡nez,NULL
29988,1405,1406,6,AW00029988,1405,SC,0,Mr.,Steve,NULL,Masters,NULL
29989,1407,1408,7,AW00029989,1407,SC,0,Mr.,Joseph,NULL,Matthews,NULL
29990,1409,1410,10,AW00029990,1409,SC,0,Ms.,Jennifer,J.,Maxham,NULL
29991,1411,1412,1,AW00029991,1411,SC,0,Mr.,Chris,NULL,Maxwell,NULL
29992,1413,1414,4,AW00029992,1413,SC,0,Ms.,Sandra,B.,Maynard,NULL
29993,1415,1416,5,AW00029993,1415,SC,0,Mr.,John,J.,McClane,NULL
29994,1417,1418,6,AW00029994,1417,SC,0,Ms.,Robin,M.,McGuigan,NULL
29995,1419,1420,8,AW00029995,1419,SC,0,Ms.,Stacie,K.,Mcanich,NULL
29996,1421,1422,2,AW00029996,1421,SC,0,Ms.,Katie,NULL,McAskill-White,NULL
29997,1423,1424,1,AW00029997,1423,SC,0,Ms.,Lola,M.,McCarthy,NULL
29998,1425,1426,4,AW00029998,1425,SC,0,Ms.,Jane,A.,McCarty,NULL
29999,1427,1428,5,AW00029999,1427,SC,0,Ms.,Nikki,NULL,McCormick,NULL
30000,1429,1430,6,AW00030000,1429,SC,0,Mr.,James,L.,McCoy,II
30001,1431,1432,8,AW00030001,1431,SC,0,Ms.,Christinia,A.,McDonald,NULL
30002,1433,1434,2,AW00030002,1433,SC,0,Mr.,Alejandro,NULL,McGuel,NULL
30003,1435,1436,3,AW00030003,1435,SC,0,Ms.,Yvonne,NULL,McKay,NULL
30004,1437,1438,1,AW00030004,1437,SC,0,Ms.,Nkenge,NULL,McLin,NULL
30005,1439,1440,10,AW00030005,1439,SC,0,Ms.,Nancy,A.,McPhearson,NULL
30006,1441,1442,7,AW00030006,1441,SC,0,Ms.,Nellie,T.,Medina,NULL
30007,1443,1444,6,AW00030007,1443,SC,0,Ms.,Raquel,NULL,Mello,NULL
30008,1447,1448,3,AW00030008,1447,SC,0,Mr.,R. Morgan,L.,Mendoza,NULL
30009,1449,1450,2,AW00030009,1449,SC,0,Mr.,Tosh,NULL,Meston,NULL
30010,1453,1454,6,AW00030010,1453,SC,0,Mr.,Stephen,A.,Mew,NULL
30011,1455,1456,5,AW00030011,1455,SC,0,Mr.,Eric,B.,Meyer,Jr.
30012,1457,1458,4,AW00030012,1457,SC,0,Ms.,Helen,M.,Meyer,NULL
30013,1459,1460,5,AW00030013,1459,SC,0,Ms.,Deanna,NULL,Meyer,NULL
30014,1461,1462,2,AW00030014,1461,SC,0,Mr.,Gary,P.,Meyerhoff,NULL
30015,1463,1464,9,AW00030015,1463,SC,0,Mr.,Ramesh,NULL,Meyyappan,NULL
30016,1465,1466,6,AW00030016,1465,SC,0,Mr.,Thomas,R.,Michaels,NULL
30017,1467,1468,5,AW00030017,1467,SC,0,Mr.,Jan,NULL,Miksovsky,NULL
30018,1469,1470,1,AW00030018,1469,SC,0,Ms.,Virginia,L.,Miller,NULL
30019,1471,1472,10,AW00030019,1471,SC,0,Mr.,Matthew,J.,Miller,NULL
30020,1473,1474,7,AW00030020,1473,SC,0,Mr.,Emilo,R.,Miller,Jr.
30021,1475,1476,6,AW00030021,1475,SC,0,Mr.,Ben,NULL,Miller,NULL
30022,1477,1478,4,AW00030022,1477,SC,0,Mr.,Dylan,NULL,Miller,NULL
30023,1479,1480,3,AW00030023,1479,SC,0,Mr.,Frank,NULL,Miller,NULL
30024,1481,1482,1,AW00030024,1481,SC,0,Ms.,Neva,M.,Mitchell,NULL
30025,1483,1484,10,AW00030025,1483,SC,0,Ms.,Linda,NULL,Mitchell,NULL
30026,1485,1486,7,AW00030026,1485,SC,0,Mr.,Scott,NULL,Mitchell,NULL
30027,1489,1490,4,AW00030027,1489,SC,0,Mr.,Joseph,P.,Mitzner,Jr.
30028,1795,1796,4,AW00030028,1795,SC,0,Ms.,Laura,C.,Steele,NULL
30029,1797,1798,6,AW00030029,1797,SC,0,Ms.,Shanay,B.,Steelman,NULL
30030,1801,1802,10,AW00030030,1801,SC,0,Mr.,Stefano,NULL,Stefani,NULL
30031,1803,1804,1,AW00030031,1803,SC,0,Mr.,Alan,NULL,Steiner,NULL
30032,1805,1806,3,AW00030032,1805,SC,0,Mr.,Derik,NULL,Stenerson,NULL
30033,1807,1808,1,AW00030033,1807,SC,0,Mr.,Vassar,J.,Stern,NULL
30034,1809,1810,1,AW00030034,1809,SC,0,Ms.,Wathalee,R.,Steuber,NULL
30035,1811,1812,4,AW00030035,1811,SC,0,Ms.,Alice,M.,Steiner,NULL
30036,1813,1814,4,AW00030036,1813,SC,0,Ms.,Liza Marie,N.,Stevens,NULL
30037,1815,1816,6,AW00030037,1815,SC,0,Mr.,Jim,NULL,Stewart,NULL
30038,1817,1818,9,AW00030038,1817,SC,0,Ms.,Judy,R.,Storjohann,NULL
30039,1821,1822,3,AW00030039,1821,SC,0,Mr.,Robert,B.,Stotka,NULL
30040,1823,1824,4,AW00030040,1823,SC,0,Ms.,Kayla,M.,Stotler,NULL
30041,1825,1826,5,AW00030041,1825,SC,0,Mr.,Charles,J.,Strange,NULL
30042,1827,1828,6,AW00030042,1827,SC,0,Ms.,Ruby Sue,R.,Styles,NULL
30043,1829,1830,7,AW00030043,1829,SC,0,Mr.,Min,NULL,Su,NULL
30044,1831,1832,10,AW00030044,1831,SC,0,Mr.,Gary,J.,Suess,NULL
30045,1833,1834,1,AW00030045,1833,SC,0,Ms.,Ruth,J.,Suffin,NULL
30046,1835,1836,4,AW00030046,1835,SC,0,Ms.,Elizabeth,J.,Sullivan,NULL
30047,1837,1838,4,AW00030047,1837,SC,0,Mr.,Michael,NULL,Sullivan,NULL
30048,1839,1840,6,AW00030048,1839,SC,0,Ms.,Marcia,J.,Sultan,NULL
30049,1841,1842,7,AW00030049,1841,SC,0,Mr.,Nate,NULL,Sun,NULL
30050,1843,1844,10,AW00030050,1843,SC,0,Mr.,Krishna,NULL,Sunkammurali,NULL
30051,1845,1846,1,AW00030051,1845,SC,0,Mr.,Brad,NULL,Sutton,NULL
30052,1849,1850,4,AW00030052,1849,SC,0,Mr.,Abraham,L.,Swearengin,NULL
30053,1851,1852,6,AW00030053,1851,SC,0,Ms.,Katherine,K.,Swan,NULL
30054,1855,1856,2,AW00030054,1855,SC,0,Ms.,Shelly,NULL,Szymanski,NULL
30055,1857,1858,3,AW00030055,1857,SC,0,Ms.,Julie,NULL,Taft-Rider,NULL
30056,1859,1860,4,AW00030056,1859,SC,0,Mr.,Clarence,R.,Tatman,NULL
30057,1861,1862,5,AW00030057,1861,SC,0,Mr.,Damon,A.,Taylor,NULL
30058,1863,1864,6,AW00030058,1863,SC,0,Mr.,Mike,M.,Taylor,NULL
30059,1865,1866,9,AW00030059,1865,SC,0,Mr.,Denis,NULL,Taylor,NULL
30060,1867,1868,2,AW00030060,1867,SC,0,Mr.,Jeff,E.,Teper,NULL
30061,1869,1870,4,AW00030061,1869,SC,0,Mr.,Chad,J.,Tedford,NULL
30062,1871,1872,5,AW00030062,1871,SC,0,Mr.,Sameer,A.,Tejani,NULL
30063,1873,1874,4,AW00030063,1873,SC,0,Ms.,Vanessa,J.,Tench,NULL
30064,1875,1876,1,AW00030064,1875,SC,0,Ms.,Judy,J.,Thames,NULL
30065,1877,1878,2,AW00030065,1877,SC,0,Ms.,Karen,M.,Theisen,NULL
30066,1879,1880,8,AW00030066,1879,SC,0,Mr.,Ram,NULL,Thirunavukkarasu,NULL
30067,1881,1882,6,AW00030067,1881,SC,0,Ms.,Phyllis,A.,Thomas,NULL
30068,1883,1884,5,AW00030068,1883,SC,0,Mr.,James,R.,Thomas,NULL
30069,1885,1886,4,AW00030069,1885,SC,0,Mr.,Donald,M.,Thompson,NULL
30070,1887,1888,1,AW00030070,1887,SC,0,Ms.,Kendra,N.,Thompson,NULL
30071,1889,1890,1,AW00030071,1889,SC,0,Mr.,Daniel,P.,Thompson,NULL
30072,1891,1892,10,AW00030072,1891,SC,0,Ms.,Andrea,A.,Thomsen,NULL
30073,1893,1894,7,AW00030073,1893,SC,0,Ms.,Rossane,L.,Thoreson,NULL
30074,1895,1896,6,AW00030074,1895,SC,0,Ms.,Yuping,NULL,Tian,NULL
30075,1897,1898,5,AW00030075,1897,SC,0,Mr.,Mike,NULL,Tiano,NULL
30076,1899,1900,3,AW00030076,1899,SC,0,Ms.,Diane,NULL,Tibbott,NULL
30077,1901,1902,5,AW00030077,1901,SC,0,Ms.,Danielle,NULL,Tiedt,NULL
30078,1903,1904,2,AW00030078,1903,SC,0,Mr.,Tony,NULL,Ting,NULL
30079,1905,1906,8,AW00030079,1905,SC,0,Mr.,John,NULL,Tippett,NULL
30080,1909,1910,1,AW00030080,1909,SC,0,Ms.,Delia,B.,Toone,NULL
30081,1911,1912,5,AW00030081,1911,SC,0,Mr.,Alvin,J.,Torre,Jr.
30082,1913,1914,8,AW00030082,1913,SC,0,Ms.,Anna,F.,Townsend,NULL
30083,1915,1916,6,AW00030083,1915,SC,0,Mr.,Glenn,J.,Track,II
30084,1917,1918,5,AW00030084,1917,SC,0,Mr.,Abe,M.,Tramel,NULL
30085,1923,1924,5,AW00030085,1923,SC,0,Ms.,Doris,J.,Traube,NULL
30086,1925,1926,8,AW00030086,1925,SC,0,Ms.,Jean,E.,Trenary,NULL
30087,1927,1928,6,AW00030087,1927,SC,0,Mr.,Billy,J.,Trent,NULL
30088,1929,1930,5,AW00030088,1929,SC,0,Mr.,David,F.,Trolen,NULL
30089,1931,1932,4,AW00030089,1931,SC,0,Mr.,Michael John,R.,Troyer,NULL
30090,1933,1934,4,AW00030090,1933,SC,0,Ms.,Christie,J.,Trujillo,NULL
30091,1935,1936,2,AW00030091,1935,SC,0,Ms.,Lynn,NULL,Tsoflias,NULL
30092,1937,1938,9,AW00030092,1937,SC,0,Ms.,Gracia,B.,Tuell,NULL
30093,1939,1940,6,AW00030093,1939,SC,0,Ms.,Phyllis,B.,Tuffield,NULL
30094,1943,1944,4,AW00030094,1943,SC,0,Mr.,Sairaj,NULL,Uddin,NULL
30095,1945,1946,4,AW00030095,1945,SC,0,Mr.,Sunil,NULL,Uppal,NULL
30096,1947,1948,2,AW00030096,1947,SC,0,Ms.,Mary,J.,Vaca,NULL
30097,1949,1950,9,AW00030097,1949,SC,0,Ms.,Rachel,B.,Valdez,NULL
30098,1951,1952,6,AW00030098,1951,SC,0,Ms.,Esther,K.,Valle,NULL
30099,1953,1954,5,AW00030099,1953,SC,0,Mr.,H.,Brian,Valentine,NULL
30100,1955,1956,4,AW00030100,1955,SC,0,Mr.,Jessie,E.,Valerio,NULL
30101,1957,1958,7,AW00030101,1957,SC,0,Mr.,Johnathan,NULL,Van Eaton,NULL
30102,1959,1960,10,AW00030102,1959,SC,0,Mr.,Roger,NULL,Van Houten,NULL
30103,1961,1962,7,AW00030103,1961,SC,0,Ms.,Mandy,NULL,Vance,NULL
30104,1963,1964,10,AW00030104,1963,SC,0,Ms.,Rose,M.,Vandenouer,NULL
30105,1965,1966,1,AW00030105,1965,SC,0,Mr.,Gregory,T.,Vanderbout,Jr.
30106,1967,1968,4,AW00030106,1967,SC,0,Mr.,Michael,NULL,Vanderhyde,NULL
30107,1969,1970,1,AW00030107,1969,SC,0,Ms.,Margaret,J.,Vanderkamp,NULL
30108,1971,1972,6,AW00030108,1971,SC,0,Ms.,Kara,N.,Vanderlinden,NULL
30109,1975,1976,3,AW00030109,1975,SC,0,Mr.,Nieves,J.,Vargas,II
30110,1977,1978,4,AW00030110,1977,SC,0,Mr.,Gary,T,Vargas,NULL
30111,1979,1980,3,AW00030111,1979,SC,0,Mr.,Ranjit,Rudra,Varkey Chudukatil,NULL
30112,1981,1982,1,AW00030112,1981,SC,0,Ms.,Patricia,M.,Vasquez,NULL
30113,1983,1984,10,AW00030113,1983,SC,0,Mr.,Raja,D.,Venugopal,NULL
30114,1985,1986,7,AW00030114,1985,SC,0,Mr.,Kevin,NULL,Verboort,NULL
30115,1987,1988,6,AW00030115,1987,SC,0,Ms.,Dora,P.,Verdad,NULL
30116,1989,1990,4,AW00030116,1989,SC,0,Ms.,Wanda,F.,Vernon,NULL
30117,1991,1992,4,AW00030117,1991,SC,0,Mr.,Robert,R.,Vessa,NULL
30118,1993,1994,3,AW00030118,1993,SC,0,Ms.,Caroline,A.,Vicknair,NULL
